TokenID,Universe Name,Planet Name
1,Muneniara Fold,Nireaor Crest
2,Corve,Barkoor
3,Novaruus Domain,Tevaiund Hollow
4,Volnia Reach,Xalean
5,Ossaoiune,Kesha
6,Thalaune Realm,Wrenai
7,Myraa,Dhariund
8,Aveoiyn Sphere,Barkoeu
9,Kaeliaom,Teveaar
10,Novare Fold,Keshoeu Basin
11,Ossaeoen,Goliux Major
12,Anthaeune,Corinios Hollow
13,Ekaroy,Nirain Minor
14,Orvith,Nirouux
15,Novaree Domain,Quenou
16,Ossaael,Vesso Crest
17,Elyeora,Dessaouund
18,Cindreus,Wreneaar Spire
19,Beloruayn Sphere,Corinoe
20,Antheo Expanse,Soviar
21,Kaele Realm,Niri
22,Cindreu,Luna Reef
23,Praxath,Yethu Hollow
24,Nexuat,Keshaiesh Crest
25,Loravot Fold,Tevoeesh
26,Veyua Domain,Corinaeth
27,Volni,Fyreu
28,Novariaax Sphere,Niruor
29,Kaelua Prime,Rhalaian Crest
30,Faveneune,Zolaa Hollow
31,Beloroiis,Corinaak Hollow
32,Orvo Reach,Wrenoe Reef
33,Faveniaa,Fyreaor
34,Muneniaax Expanse,Vessi Minor
35,Juneluaav,Xaleaos Hollow
36,Aveiais,Taruiesh Crest
37,Grostuayr,Joraiol
38,Zerura,Ferrooea Major
39,Kestroith,Sovuor
40,Lomiruaor,Ostuu
41,Corvua,Teveaiv
42,Cindri Reach,Corinoei
43,Lomiruis,Soveux Major
44,Aveoi,Breneom
45,Isarae Realm,Barkoeund Basin
46,Sundiu,Wreniak
47,Lomirua Prime,Pavaiesh
48,Kaeloii,Barkuian
49,Volneune Expanse,Ferroaor Minor
50,Nexaeyn,Vessui Spire
51,Novariav,Rhali Vale
52,Draviyn,Rhaloeth
53,Zeriith Prime,Taria
54,Lomirau,Kesheaak
55,Grosteor Expanse,Barkaiak Hollow
56,Corvuav,Fyreaund Basin
57,Halvinu Prime,Hessuys
58,Anthae Sphere,Nirei Reef
59,Isarua Domain,Iveaos
60,Lomiroior,Cosi
61,Juneloe,Ulmo Vale
62,Myreoy,Xalu
63,Grostoiith,Breneaesh
64,Ossaeor,Queni
65,Grosteot,Brenaux Crest
66,Loravoi,Quena Minor
67,Zeriath,Tarouo Reef
68,Halvinae,Niroor
69,Aveaeth Domain,Corino
70,Volnior,Dhariesh Minor
71,Halvinuom,Sova
72,Nexeav,Maelou Crest
73,Munenoiyn,Soveaol
74,Muneniom,Breno Crest
75,Aveia Sphere,Queni Major
76,Zeraee,Fyreool
77,Volnu,Ferroo
78,Aveaet Expanse,Fyreeaos Spire
79,Draviaom Fold,Tara Minor
80,Ekaruaith,Wrenuiak
81,Zeruen Sphere,Ferroaia Vale
82,Thalu,Ivoueth
83,Loraviaav,Lunea
84,Juneleth,Quenei
85,Praxeoa Sphere,Yethuiom
86,Nexoi Expanse,Xalou
87,Kaeluaen,Jorai Basin
88,Loravora,Keshoeak
89,Ekaraeav,Dharaesh
90,Lomiruo,Sovo
91,Lomireoom Domain,Iveaom
92,Nexuao,Queni Crest
93,Faveniaus,Fyreo Major
94,Isarera Sphere,Dharaii Spire
95,Dravaeon,Tevaiin
96,Lomiruyr,Pavuiar
97,Lomiroel,Ferroou Major
98,Orvie,Quenouille Spire
99,Favenuayn,Quenea Reef
100,Dravoyr,Ferrouio
101,Cindreor,Sova Spire
102,Lomiraera Sphere,Goloar
103,Sundaeav Realm,Ivaian
104,Praxoi Realm,Nirea Crest
105,Loravuaune Fold,Maeloeu Hollow
106,Halvine,Zoleaol
107,Kaelius,Ostoiv
108,Halvinois,Dessae Vale
109,Thaleoyr,Wrenoos
110,Elyaeyr Fold,Wrenaiux
111,Corveoa Realm,Hessea
112,Myre,Brenoor Major
113,Lomiroiune,Brene Vale
114,Isaree Sphere,Graelau
115,Thalo Expanse,Maeloeor
116,Lomiroiune Fold,Keshai
117,Kestreo,Nirouesh
118,Kestruael,Cosuiin
119,Elyaeyr,Dessaou Minor
120,Zere,Ferrooar
121,Nexo Sphere,Cosuiund Vale
122,Volnuai,Ivaiol
123,Muneniav,Lunuiar
124,Munenoy,Graeluiund
125,Cindre Reach,Maeleaak Crest
126,Ossaiais,Joruiak
127,Ossauath Expanse,Wrenuior
128,Zerui,Graelaiin
129,Volnae Prime,Rhaluio
130,Nexa Expanse,Brenuiux Reef
131,Praxiayr,Rhaloak
132,Junelia Prime,Cosiol Minor
133,Munene Prime,Zoluiv
134,Cindrua Reach,Barkeaol Reef
135,Veyuaon,Barkouor
136,Sundeoy,Ulmouys
137,Antheoom Reach,Ferrooeo
138,Loraveora Fold,Goloe
139,Grostey,Ivee
140,Zeraeis,Fyreaios
141,Beloreoom,Graelea Reef
142,Favenay Prime,Ostoe
143,Ekare Domain,Goloua
144,Elyuay,Nirouar
145,Ossauav Realm,Ulmai Basin
146,Zeraeus,Xalaiom
147,Sundiav Fold,Tarouund Hollow
148,Munena,Zoleaille
149,Kaeleo Reach,Cosi Basin
150,Sundeom,Xalaian
151,Kestraei,Goloeo Reef
152,Novaruu,Ferrouos
153,Novaroie,Ferroo Spire
154,Volne Sphere,Dhari
155,Zeraeav,Ulmoeiv
156,Halvineoom Reach,Yethuor
157,Anthith Reach,Ivaiux
158,Orvura,Graelo Reef
159,Veyiyn,Pavoe Crest
160,Halvinue,Fyreuie
161,Grostoa,Barkuesh
162,Ekare Span,Breneaund Spire
163,Favenoiyn,Joraian Minor
164,Nexeis,Iveol
165,Beloreoith,Yetha Spire
166,Lomirua,Taruiu
167,Antha Sphere,Joroua
168,Aveae,Gole
169,Draviael Fold,Graelui
170,Orvuon,Xalaol
171,Kaelia Span,Yethiar
172,Isareoe,Ostaiom
173,Ekaroune,Goloe Basin
174,Kestre,Corinu Spire
175,Lomirie,Dessaea
176,Loraviay Expanse,Lunui
177,Antho,Niruiund
178,Grostiae,Coseays Spire
179,Halvinuax,Barkain
180,Beloruor,Pavoeu Minor
181,Ithelou,Ferroeesh Hollow
182,Favenuau Realm,Fyree Crest
183,Cindreo Reach,Ferrou
184,Aveoir,Tarei
185,Ithelua,Pavaian
186,Groste Realm,Jorea Reef
187,Nexiael Expanse,Keshou Spire
188,Sundayn Prime,Zoleaor
189,Munenoune,Pavo Major
190,Volnoiom,Teveau
191,Novaraeth Realm,Barkuor
192,Ossai Reach,Dhareaor
193,Elyua Domain,Luna Crest
194,Lomiraeyn,Xaloeom
195,Thalae Span,Ulmee
196,Kaelaen Reach,Luna Hollow
197,Grosteo Fold,Osteux Vale
198,Antho Fold,Queneay
199,Volno Fold,Tevaiille Crest
200,Novarara,Ferrooeesh
201,Novareora Span,Lunouys
202,Beloriaom Realm,Osteesh
203,Sunduom Expanse,Ferrooui
204,Junelius,Ferrouior
205,Praxeoo,Sovoin Spire
206,Praxiael,Zoluin
207,Cindruaa,Sovaiu
208,Volnayr Sphere,Graeluiak
209,Ithela,Vessa Basin
210,Kestra Prime,Maeluux
211,Ithelaom Domain,Graelouo
212,Zerua,Tarool Basin
213,Orve Domain,Quenoeos
214,Belorua Domain,Queneaar
215,Halvinuaen,Ulmeo
216,Zeri Fold,Pavaux
217,Praxe,Dhari Hollow
218,Volnoor Span,Corinaol Crest
219,Praxu Sphere,Osteol
220,Praxeoav,Rhaloee Basin
221,Kaelaax,Joroe
222,Halvinaeel Span,Joruiom
223,Veyoii,Corina
224,Aveois,Hessaia
225,Belorath Domain,Sovouund Minor
226,Zeruyr Fold,Nireund
227,Grosteel,Brenuux
228,Beloroion Expanse,Ulmia
229,Kaeluyr,Ivoe Major
230,Myriaav Domain,Vessios
231,Sundaeu Domain,Corinea Minor
232,Orvoom,Coriniiv Vale
233,Aveio,Fyreior
234,Thalo Prime,Keshoin
235,Isareou Realm,Zolai Crest
236,Praxien Expanse,Sovu
237,Juneleoth,Wreneaos
238,Elyu,Zolean
239,Juneluara,Ivaio
240,Nexoien,Xaluiak
241,Isaraeax,Barkaiv
242,Volna Realm,Hessuiol
243,Volnaeith Realm,Wrenouux
244,Isaru Domain,Nirou Hollow
245,Itheleo Sphere,Quenain
246,Grostae Domain,Brenoeom
247,Lomiraune,Joruiol
248,Kaeloi Sphere,Ostoeom
249,Munenais,Ulmoeor
250,Thaliaom Realm,Vesso
251,Thalia,Teva Major
252,Orvaeav Sphere,Dessaoe Major
253,Corvois,Rhalaios
254,Loravo,Sovuiille
255,Aveaeom Fold,Lunaak Hollow
256,Ossaa Expanse,Ferroeor
257,Volneune,Keshea Minor
258,Nexoo,Barkea Major
259,Anthoe,Fyrea
260,Anthiayn,Cosaieth
261,Nexeoune Span,Nire
262,Myraeyn Sphere,Xaloueth
263,Grostu Sphere,Queneak Vale
264,Kestrea Fold,Yethia Hollow
265,Veyoien,Corineaar
266,Corvi Span,Lunoear
267,Loravayn,Brenuiol Spire
268,Lomiruayn Sphere,Graelou Basin
269,Volnaeo,Ferroaille Vale
270,Volnua Prime,Teveaille Spire
271,Beloroio,Barkoux
272,Zeroith Prime,Ulmoeeth
273,Orvio,Coriniar Spire
274,Loravoira Fold,Pavuio
275,Praxaera,Joroeund
276,Ekaro Reach,Ive Minor
277,Sundu,Ivu
278,Anthaeu,Brenuio
279,Nexoie,Graeluor
280,Beloriaune,Brenuian
281,Aveeora,Wrenea
282,Cindra Expanse,Vessui
283,Veyeoom,Brenaiar
284,Ossauith,Rhali Basin
285,Lomiroiu,Maeloe
286,Favenoyr Prime,Lunoin
287,Cindrii,Dharai Reef
288,Beloraa Fold,Graelouiv Reef
289,Thaliaax,Zoloe Major
290,Praxuara,Graelaiar
291,Elye,Brenia
292,Juneleon,Barke Crest
293,Sundeor Prime,Maelaia
294,Munenaea,Barkaios
295,Itheluav Realm,Zolouesh
296,Juneloien,Rhalaiak
297,Munena Realm,Ferroouys
298,Volnira,Ulmu
299,Loravuaom Fold,Yethein
300,Loravia Domain,Soviille Minor
301,Sunduaune,Vessouund Spire
302,Corviith,Xaloe
303,Myru Domain,Hessuiar
304,Sunduay,Xaloos Basin
305,Munenuon,Golui
306,Zeroith Reach,Lunuiol
307,Novara Domain,Kesheaa
308,Novareom,Dessauux
309,Myrae Fold,Vessaom
310,Praxiaax,Hesseaiv Reef
311,Anthei,Keshiesh
312,Juneleith,Maeleaille Reef
313,Anthoa,Breneao
314,Thaluaon,Maeloesh
315,Isareoth,Pavui Basin
316,Ekarua,Ivey
317,Dravoius Fold,Pava Major
318,Aveuaus Fold,Kesho
319,Munenia,Ivui
320,Aveaeus Expanse,Maeluos
321,Beloroon,Keshi Major
322,Corveo,Hessoeo
323,Myreot,Graeluios Major
324,Juneliayn Sphere,Jorou
325,Novareo Sphere,Wrenean
326,Itheleus,Brenoeth
327,Elyaeth,Ostoan
328,Corvaeor Prime,Maelau
329,Cindriax Prime,Dhara Crest
330,Junelia,Ferroe
331,Praxae Expanse,Keshou
332,Grosti Domain,Barkiar
333,Veyeoith Domain,Luneaor
334,Lomiriis,Sovoeund Spire
335,Isareel Reach,Ulmaie Minor
336,Anthuom Expanse,Yethuiund Crest
337,Kaeler,Taroee
338,Halvinuae,Barki Basin
339,Halvineo,Taraieth Reef
340,Aveeth,Pavu
341,Munenoav Sphere,Hessoos
342,Praxoor,Sovoei
343,Thalara,Vessoar
344,Cindruax,Niroi
345,Ossaiaen,Barka
346,Kestriyr,Golaom Minor
347,Grostuus,Paveille
348,Halvinoa,Corinoor
349,Corviax Span,Niraille Minor
350,Kestreen Prime,Keshouu Spire
351,Cindrot,Lunoor
352,Corviav,Sovoeux
353,Veyeoith,Keshuios
354,Ithele Reach,Ulmuar
355,Ithela Prime,Graelaieth
356,Cindroir,Hessaille
357,Orva Realm,Joru
358,Beloriu,Xali Minor
359,Cindruus,Zoleund
360,Aveea,Ferroeaak
361,Lomiroira,Yethe Crest
362,Elyi,Teve Basin
363,Isaree Fold,Maeliu
364,Juneliaor,Cosuieth
365,Ithelora Prime,Fyreuiv Crest
366,Lomiraeith,Yethoean
367,Veyaeav,Jorai
368,Myraeor Expanse,Rhale
369,Volnaea,Goloe Spire
370,Beloruaus,Dharoeux Basin
371,Isaruav,Sovaiin Reef
372,Cindraeo,Graeleiv
373,Munenuaa Span,Graelean
374,Munena Domain,Golouu
375,Munenae Prime,Dessaa Spire
376,Zeroune,Keshoe
377,Elyoior Span,Zolua
378,Sundera Domain,Keshao Crest
379,Veyeo Prime,Barkeaiv
380,Ossaeo Span,Jorain Crest
381,Isaroien,Dharii
382,Grostaax,Dharou
383,Veyae Prime,Keshua
384,Orvae,Yethea
385,Anthaon,Ivouys
386,Beloruav,Yethou
387,Kaeliaen,Barkuan
388,Corvi,Ulmoe Minor
389,Praxion,Niraiesh
390,Orveoen,Cosa
391,Lomiroi Expanse,Dharoeux
392,Aveuen,Taraiu
393,Myree,Sovein
394,Orvuen,Keshu Hollow
395,Corviao Expanse,Lunoee
396,Aveu Reach,Zolaund Spire
397,Thaloi Sphere,Keshouos
398,Praxeel,Xaliin
399,Kestriais Span,Goloan
400,Lomirea,Keshi
401,Anthaax,Lunaiiv
402,Loravu,Quenoak
403,Junelois,Ostaiv
404,Halvino,Quenu
405,Kaeli Span,Zoloei
406,Loraveyr,Barkuii
407,Nexeou,Xala Vale
408,Veyoiis Span,Vessea
409,Munenaith,Maelui Crest
410,Junelaax Prime,Maeliiv Hollow
411,Zeru,Corinuan Crest
412,Orvei,Pavui Hollow
413,Ossaura,Hesse
414,Cindraey,Yethoeos
415,Praxoi,Goluiux Major
416,Orvu Reach,Brenuund
417,Myraom Span,Cosouom
418,Ossaius Domain,Rhali Minor
419,Isara,Joruo
420,Novaroi,Wrenee
421,Halvinuav,Vessoom Basin
422,Aveous Realm,Ferroeays
423,Ekaruax,Taruux
424,Volnae,Tevaux Reef
425,Itheleom,Maelea
426,Grostiaor,Graelouu
427,Corvaer,Dessauys
428,Isareoon,Vessoe
429,Belori,Ferroouo
430,Anthien,Fyreo Reef
431,Novariais,Queneaos
432,Elyeoune Realm,Pavou Hollow
433,Faveniayn,Dessaeaom
434,Veyiyr,Ferrooan
435,Halvineo Span,Dessaaak
436,Aveoav Realm,Ferroouille
437,Lomiraeus,Pavaiol
438,Corvaus,Goloe Hollow
439,Ossaaon,Golouak
440,Ossaayn,Yethaund
441,Muneneoon Sphere,Sovuar
442,Corvoii,Tarouund
443,Volnoiel,Niru Crest
444,Orvuaor,Maela
445,Corveo Prime,Barkuior
446,Nexoe,Dessae Minor
447,Veyiaa,Paveaos Hollow
448,Dravua Sphere,Keshuieth Vale
449,Grosteith,Coriniom
450,Aveoius,Corinaiar
451,Novara Realm,Hesseays
452,Volnoii,Sovoo
453,Ekaruayr,Xaliiv Vale
454,Orvera,Barkoiv
455,Veyoiith,Dhareaund
456,Beloruth,Jorai Major
457,Groste,Hessieth
458,Zeriai,Sovea
459,Drave Fold,Brenuiesh Reef
460,Belore Expanse,Hessui
461,Aveoy,Joro Reef
462,Anthoyr Reach,Pavea Basin
463,Juneloy,Paveom Crest
464,Juneloi Expanse,Yethiiv
465,Ithelia Sphere,Pave Reef
466,Corvae Span,Keshaiund
467,Beloraeus,Barkuie Hollow
468,Loravael,Dessaouak
469,Novaraeth,Corinaii Reef
470,Isarais,Tarii
471,Halvinaeo,Quenior
472,Loravoy,Tevoui
473,Nexeoith Prime,Ulmuii
474,Nexaei,Vessaieth Hollow
475,Kaeloor,Yethuiu Hollow
476,Elyae Reach,Dhareesh
477,Kaelura,Pavi Basin
478,Cindru Sphere,Ferroui Vale
479,Nexiaith Expanse,Tevouin
480,Favenaeus,Tevu
481,Lomiro Realm,Cosio
482,Dravua Expanse,Ferrooys
483,Ossaui,Dhareao
484,Volniar,Cosuio Crest
485,Kestroith Span,Cosue Major
486,Lomiria,Maelaan
487,Novaria Span,Ferroeay
488,Beloreoune,Niroille Hollow
489,Ithelaeis Domain,Paveaor
490,Elyua Sphere,Vessaak Minor
491,Halvineoth,Pavoeille
492,Kaeliune,Joroeor
493,Ithele Fold,Jorea
494,Favenae Realm,Barkoille Spire
495,Novaruo Realm,Goluiom
496,Elyaom,Keshaiiv
497,Halvinoie,Xalaux
498,Novarera,Dessaui
499,Cindriu,Pavaund
500,Lomireora,Cosaiille
501,Novaroen Prime,Ferroa Crest
502,Nexael Fold,Ferrooa
503,Anthaith Domain,Fyreou Reef
504,Halvinuy,Ivou Vale
505,Anthayn Expanse,Niroeu
506,Loravaor,Yethiol
507,Isarae Fold,Hessouar
508,Thaluon,Ostaom Crest
509,Anthoi Span,Quenea Minor
510,Elyayn,Jorui Major
511,Sundiaom,Zoliiv
512,Novaria Domain,Vessaiille Reef
513,Cindriune,Pavai
514,Lomiriae Expanse,Cosouos
515,Loravu Realm,Nireays
516,Grostuaith,Rhalieth Reef
517,Orvath,Maeloux Vale
518,Aveeo Domain,Wrenieth Spire
519,Munenuaith,Nirays
520,Beloraeax,Vesseae
521,Isaruae,Sovuux
522,Beloroyn,Dessaou Vale
523,Zeroio,Brenaos
524,Ithelua Realm,Zola Reef
525,Thaloiav,Sova Crest
526,Loravuael,Xaleaund
527,Ossao Sphere,Keshou Basin
528,Corveav Reach,Fyreu Basin
529,Novariune,Yethuund Vale
530,Sundua Realm,Rhaloys
531,Veye Domain,Brenouo
532,Nexaeyr Domain,Corino Reef
533,Anthi Sphere,Xale
534,Ossaoth Span,Wreneain
535,Beloroy,Teva Reef
536,Loravaeav,Wrenuiiv
537,Munenuaom,Dhara Major
538,Favena,Fyreaios Minor
539,Anthuae,Breneain Basin
540,Elyaune,Ulmuii Spire
541,Novaroii,Jore Vale
542,Halviniae,Cosaos
543,Ossao Span,Barkoeys
544,Juneluaom,Ostai Reef
545,Dravia Sphere,Breneo
546,Kaeleoel,Zolio
547,Halvineo Domain,Ostiar
548,Lomiruau,Zolea Vale
549,Juneli Expanse,Ferroouiv
550,Aveia Span,Quenaol
551,Kestroav,Ferrooei
552,Thali,Corino Hollow
553,Aveara,Tevouille
554,Novaro Reach,Brenie Crest
555,Thalion,Vessaille
556,Lomiruaav,Barkuiom
557,Sundiayr,Vesso Vale
558,Dravae Expanse,Jorouor
559,Muneniath,Luna
560,Thalaon,Coriniys
561,Munenaeen Prime,Lunoak Crest
562,Orvaeav,Tarou
563,Cindroo,Rhaloille
564,Aveuo,Paveaiv
565,Ossaaeus,Joraol Basin
566,Lomirey Realm,Fyreaian Crest
567,Zeruai,Maeleaa
568,Ossaet,Rhaliiv
569,Corvoiy,Coseaol
570,Dravaor,Maeloa
571,Myrae Reach,Pavuiys
572,Favenaeo,Dharui Vale
573,Beloru Reach,Brenou Crest
574,Lomireoom,Keshaiak
575,Veya,Ostaia
576,Isareo Expanse,Dessaouos
577,Elyius,Dessauia Major
578,Beloreo,Xaleaeth
579,Lomirae,Ferroui Hollow
580,Elyeoax,Maeleeth
581,Muneneoth,Cosiar
582,Beloraune,Keshaiol
583,Kestriaor Sphere,Wrenoy Vale
584,Thaloi Reach,Maelaux
585,Novaroio Span,Rhale Basin
586,Zeraune,Golui Crest
587,Beloreous,Vessoa
588,Orvui,Dharound
589,Volnoio Prime,Corinoux Spire
590,Grostua Expanse,Ostaia Spire
591,Kaelaei,Maelouys Minor
592,Munenur,Xalouund
593,Ekaraeune,Ulmoille
594,Anthuom,Dessaaesh
595,Juneliaus,Rhale Spire
596,Novaroio Sphere,Ivao
597,Aveaeor,Ivouin Minor
598,Ithelaom,Lunui Minor
599,Dravoiax,Hessu Vale
600,Ithelaeen Span,Yethouo
601,Belorius,Tareaille
602,Zeriayr,Barkui Basin
603,Novarais Reach,Ivoesh
604,Isarira Sphere,Maeloar
605,Sundeoel,Paveaa
606,Junelua Expanse,Corinoux
607,Beloriael,Quenouux
608,Junelae Fold,Sovays
609,Halvino Prime,Wrenouille
610,Elyeav,Osteille
611,Dravaeus,Ostouos
612,Grostuom,Quenaie
613,Praxuaus,Quenouo
614,Itheloio,Ostaar
615,Junelia Sphere,Hessian
616,Nexe Fold,Rhaluux
617,Corvoiy Fold,Brenuiund
618,Loraveoel,Quenouos Vale
619,Cindra,Brenee
620,Beloroie,Ive Vale
621,Sundiaus,Ivi Major
622,Nexael Span,Niruin
623,Ossaiaus Sphere,Ulmoear
624,Kaela,Lunouak
625,Elyua Fold,Nirui Hollow
626,Loravuaus,Graeloeeth
627,Kaeleo Prime,Rhaloe
628,Beloroiu,Corinueth
629,Ekarayr,Xaliar
630,Faveneith,Barkeo
631,Nexu Prime,Ferroe Vale
632,Thaliel,Ive
633,Sundi,Vessear
634,Draveor,Pavaol
635,Aveeous,Jorea Hollow
636,Ossaoyr,Dharieth
637,Ekarua Expanse,Ferroa Vale
638,Lomiraeon,Joraie
639,Praxa Prime,Dessaeae Hollow
640,Grosteoa,Cosool
641,Ithelaith,Golea Minor
642,Corviaom,Graeluund
643,Dravei Prime,Tariys Reef
644,Grostius,Brenoeos
645,Isaroi Domain,Dessaoe Reef
646,Lomireoe,Lunuiom
647,Praxuel Realm,Dharaille Minor
648,Volneoon,Paviar
649,Lomiraeis,Tevuar Spire
650,Lomirith,Keshui Reef
651,Loravuayn Realm,Maeleay
652,Corvui,Tevio Vale
653,Corvo Realm,Quenuii Basin
654,Ithelo Realm,Tareille
655,Itheluus,Joruak Minor
656,Aveiat Prime,Osteaille
657,Grostais,Brenuia Crest
658,Novaruael Span,Cosoeeth Vale
659,Beloroia,Dessaaieth
660,Itheluom,Pavaiiv Spire
661,Beloroi Fold,Paveaar
662,Cindreom,Osta Vale
663,Ithelaa,Dessaoeesh
664,Loravia Fold,Yethai
665,Myroius,Fyreei
666,Corvuis,Joruom
667,Isarael,Quenaiys
668,Orviaon,Dharia
669,Anthi Expanse,Sovou Hollow
670,Sundeoa,Graeloein
671,Ossaa Sphere,Ferroain
672,Ithelo Reach,Corinouol
673,Isaro,Teve Hollow
674,Beloruu,Fyreaie
675,Lomiroiom Realm,Paveille Basin
676,Dravou,Rhaloe Spire
677,Praxaeis,Zoluiy
678,Veyi Domain,Xaleaol
679,Beloreou Sphere,Brenoe Reef
680,Ekaru,Dessaaos
681,Volneoen,Xalaund
682,Zeruaus,Graeleaom
683,Thaleoel,Rhalouo
684,Lomiriu,Tevaiar Minor
685,Kestroi,Tevaian
686,Praxuyr,Ostoeille
687,Corvit,Vesseaom
688,Aveeo Reach,Cosea Major
689,Belorua,Tareiv
690,Orveo Span,Ostoesh
691,Nexoel,Sovaeth
692,Myraeax Prime,Lunai Major
693,Junelara Expanse,Graeloak
694,Lomiriel Reach,Fyreuak
695,Faveneoel Reach,Lunea Major
696,Orvia Prime,Dessaaiin Hollow
697,Anthuaa,Rhaliille
698,Zeraet Span,Ferroiund
699,Orviaen,Ferroai
700,Aveoith,Soviak
701,Kestria,Tevoak
702,Ekaraeav Fold,Keshios
703,Isaraeel Fold,Vessaak
704,Thalius,Corinoan
705,Myro,Fyreoei
706,Cindroio,Dessaoux Spire
707,Itheliayr,Dessaoesh
708,Halvinuel,Rhaluiesh Spire
709,Junelaeel,Zolui Major
710,Elyai,Cosuys
711,Thaleo Realm,Quenaan
712,Praxeo Domain,Maeluiv
713,Praxeen,Rhalo Minor
714,Nexuai,Kesheaar
715,Halvineon,Sovoak
716,Favenayn Realm,Corineai
717,Thali Sphere,Barko Vale
718,Veyoune,Hessoo Vale
719,Praxiat,Ferrooear
720,Ossaoi,Maelaom
721,Aveith,Rhaluie Vale
722,Beloriis Domain,Soveaund
723,Munenia Expanse,Lunuiesh
724,Dravoior,Ulmoean Minor
725,Corvaeus,Teveu
726,Muneneoy,Dharaar
727,Lomirais,Zoleor
728,Corvae Prime,Ferroiiv
729,Munenuara,Joroeak
730,Junelua Span,Dessaa
731,Favenaen,Sovai Crest
732,Sundiaith Sphere,Quenoi Reef
733,Orveois Sphere,Ivaios
734,Thaliyr,Coseaund
735,Ossaoel,Dessaai Basin
736,Ossaeoom,Vessoeol
737,Cindreoo,Rhalios
738,Isareax,Vessaiille
739,Orva Span,Pavoeth
740,Cindreo Domain,Wrenoi Basin
741,Myrua Fold,Joreille
742,Kestrou Prime,Rhale Reef
743,Grostuon,Brenuios
744,Itheloi Domain,Barkie
745,Zeroiel Domain,Dharuund
746,Corvuor Span,Yethoeeth
747,Aveion,Xaleaar Vale
748,Volnaeus,Corinaa
749,Kestrei,Dessaouar Spire
750,Kaeloth Realm,Breni Minor
751,Anthuis,Graeloo
752,Dravayn,Fyreay
753,Nexiael,Barkeaor
754,Aveuau,Ulmeaesh
755,Junelo Fold,Breneaeth
756,Thale Realm,Brenouund
757,Beloreoo,Tarea
758,Juneliyn,Jore Crest
759,Veyoion Sphere,Ulmeaos
760,Itheliaav,Ostuiux Crest
761,Juneliael,Keshuiiv Minor
762,Isariy Span,Yethou Hollow
763,Myraeyr Realm,Joroys
764,Volnea Sphere,Breneaiv Hollow
765,Ossauara Expanse,Joriar
766,Antha Domain,Quenaund Basin
767,Isaroth Domain,Barkoo
768,Zereoa,Tarui Vale
769,Sundo,Graeloor
770,Sunda,Niround
771,Favene Sphere,Joree
772,Elyae Expanse,Brenui Spire
773,Halvinuyr,Zolouol Crest
774,Itheloien,Rhalaos Crest
775,Novaroius,Ulmea Hollow
776,Thalaith,Tara Basin
777,Zereyn,Maeloille
778,Nexuaom,Keshaak
779,Novaru Realm,Cosue
780,Belora Realm,Niraia
781,Thaluayn,Ostaiesh
782,Corvoith Realm,Ostea Crest
783,Nexuax,Wrena Spire
784,Kestroor,Paviux Crest
785,Thalae,Ulmuak
786,Itheluth Realm,Zoloeu Vale
787,Novarua Domain,Zoluos
788,Elyia Fold,Dharie
789,Volnaeth,Fyreoee
790,Munenath,Xale Reef
791,Thaluae,Quenu Vale
792,Myri Reach,Sovuiys Hollow
793,Novarois Fold,Coseaos Spire
794,Kestria Expanse,Corinai
795,Belorora,Ferroouund Basin
796,Novareo,Ferrooys Reef
797,Volniael,Rhaleor
798,Antho Realm,Dharo
799,Juneleoax Prime,Luneai
800,Kestruath Expanse,Hessea Hollow
801,Lomiroio,Zola Minor
802,Ossaayn Prime,Rhalaiar Reef
803,Halvinu,Joruia
804,Kestra Expanse,Ulmeaar Reef
805,Zeruus,Dessaaund Hollow
806,Ossau,Niro
807,Munenoio,Barkoi
808,Novariayr,Zoloee
809,Orvaeyn Realm,Quenoe Spire
810,Muneni Domain,Brenuin
811,Juneliy,Ferrooe Basin
812,Anthaeom Sphere,Nirie Vale
813,Kaelois,Pavoeund
814,Lomiraer,Graeloua Major
815,Novaroel Fold,Dharuys
816,Isareoyn,Goloear
817,Zerera Fold,Dhariom
818,Halvineo Sphere,Ostaiol Minor
819,Thaluor Expanse,Xaluiom
820,Kestrath,Nirea Basin
821,Novaruayn Prime,Rhale Minor
822,Zera Realm,Wrenaiol
823,Dravoor,Brenui Reef
824,Junelu Fold,Golaior
825,Sunduael,Ivouos
826,Ekaruu Expanse,Corinaiesh Hollow
827,Myro Realm,Dessaoille
828,Halvinuith,Nirao
829,Myreoa,Maeliux Hollow
830,Grostiais,Zoloeiv
831,Aveuaor,Kesheaille Minor
832,Halvinuai,Dharue
833,Munenua Realm,Corini
834,Thala,Fyreuian
835,Volnua Sphere,Joroeux
836,Thaleoax,Ulme
837,Lomiriara Prime,Golian
838,Veyeoy,Queneaesh
839,Junelai Expanse,Xaleaux Crest
840,Volnaeyn,Sovo Hollow
841,Anthae,Ivai Vale
842,Dravoiyn,Yethaiys
843,Antho Reach,Vessaiar
844,Zeruaax Reach,Fyreeaak Major
845,Grostoiel,Ulmior Reef
846,Kaelaen,Luna Minor
847,Volnuael,Pavouesh
848,Lomiruayr,Ostuiu Basin
849,Anthe,Osta Hollow
850,Praxia Realm,Cosian
851,Praxuith,Wreno Hollow
852,Thaloyr,Wrenouom
853,Ossaiae,Pavoe
854,Halvinaeune,Zoluu Minor
855,Zeruaax,Tevuos Reef
856,Munenien,Ivoom Reef
857,Sundaeom Expanse,Hessaos
858,Anthuus,Taruys
859,Loravoax,Goloeux
860,Lomiro Fold,Dessaian Minor
861,Loraviith,Iveaar
862,Munenia Domain,Vessoeos Hollow
863,Ossao,Tevou
864,Novario,Rhala Spire
865,Halviniaon Prime,Pavuiund
866,Grosti Fold,Keshouille Spire
867,Kaeloi,Goleos Major
868,Beloraon,Ostaux
869,Muneni,Maeluo Crest
870,Beloreax,Vessu Hollow
871,Grostoi,Hessoeom
872,Aveau,Wrenui
873,Isaruaom Realm,Hessoe Minor
874,Elyeel Fold,Fyree Vale
875,Cindrut,Barkoeth
876,Nexu Fold,Rhaluin
877,Ekareoor Span,Pavai Major
878,Junelara Prime,Tevey
879,Isare Prime,Dessaoo
880,Nexiau,Dessaui Reef
881,Sundaeav,Lunoeiv
882,Lomiri Domain,Corinouo Hollow
883,Junele Fold,Cosoueth
884,Grostiaon,Fyreeaor
885,Aveoo,Rhalaiom Basin
886,Corvaea Expanse,Fyreaiux Reef
887,Kaelua,Xalaar
888,Ekareo,Fyreui Spire
889,Praxeoyn,Zolior
890,Nexeen,Ostian Vale
891,Munenoax,Yethoua
892,Veyoiom,Yethuieth Crest
893,Elyuae Sphere,Fyreoesh
894,Kaelaav,Ulmain
895,Ithelae,Corinaiys
896,Dravaeo,Wrenoys
897,Grostoion Expanse,Dessaa Hollow
898,Novariaom,Keshaiux Reef
899,Praxous,Tevoos
900,Anthua,Wrenoe Basin
901,Zeroiax,Breneaund
902,Cindre,Ferroaio
903,Corviu,Pavuia
904,Favenoav Sphere,Vessue Major
905,Loraveo,Ulmaiol
906,Beloriaa,Dessaai Reef
907,Aveiaune Domain,Ferrou Hollow
908,Praxu,Ulmuiak
909,Beloruao Realm,Xaloe Crest
910,Ekaroiel,Corinuiin Vale
911,Dravoyr Domain,Vessou Major
912,Elyu Reach,Graeli
913,Itheluayr,Dharao Hollow
914,Orvoira Fold,Ivueth
915,Isaroth,Yethuio
916,Zeriais,Golouin
917,Cindro Sphere,Graelieth Major
918,Muneneith Domain,Taruak
919,Lorava Sphere,Fyreuiiv Major
920,Itheleune Prime,Quenuii
921,Belori Expanse,Ulmaia
922,Lomiro,Ferroe Major
923,Myreom Realm,Yethouor Spire
924,Loravuais,Taruar Major
925,Volnaeen,Barka Crest
926,Ithelaeor,Ulmo Reef
927,Corveoa,Niro Minor
928,Loravay,Zoloeak
929,Zereo Span,Fyreui Crest
930,Kaelion Expanse,Vessoeux
931,Halvinoi,Barkaiund
932,Anthua Domain,Cosuol
933,Sunde Domain,Goloei
934,Munenoira,Keshouak
935,Loravara,Yetheau
936,Ekari Prime,Tarouille
937,Muneneith,Lunaiys Minor
938,Praxuay,Xalu Crest
939,Dravae,Coseaille
940,Novaruaon,Joroeille
941,Ekaria Fold,Rhalaiille
942,Kaelaeav Domain,Yethouos
943,Praxaei,Vessoeiv
944,Lomiruaax Span,Fyreiesh
945,Halvina Fold,Yethuio Crest
946,Aveou,Golein
947,Sundeav,Barkiu
948,Beloriis,Maelea Reef
949,Cindrei Fold,Joroa Major
950,Loravuyn,Wreniille Hollow
951,Cindriax Expanse,Jorouak
952,Junelo,Zoluak Minor
953,Elyeo Sphere,Vessui Vale
954,Kestriayn Prime,Vessuie
955,Lomiroia,Maeloe Crest
956,Cindroien Fold,Quenoor
957,Loravoiel,Quenuo Reef
958,Ekaruax Domain,Quenoui
959,Novarae Span,Ferrou Basin
960,Lomireoi Domain,Fyreo
961,Anthuor Reach,Fyrei Spire
962,Aveaeith,Wrenai Reef
963,Zeriu,Taruos
964,Grostira Fold,Lunai
965,Loravaeus,Joreaos
966,Beloraor,Yethaieth
967,Ossaae Fold,Ulmie
968,Volneoor Reach,Rhalu Minor
969,Anthoith,Ulmoey
970,Lomire,Cosaie
971,Corvae,Ostuiol
972,Volnoax,Queniesh Crest
973,Ithelo,Wrenuak
974,Sundaus,Quenaiille Minor
975,Grostoon,Fyreoiv
976,Orvi Prime,Tareeth
977,Novareth,Rhalouor
978,Cindruara Span,Joraiv Major
979,Nexar,Maeluor Reef
980,Munenaeyr,Ostui Minor
981,Ithelay,Barka Spire
982,Veyoi Span,Tevi
983,Veyeous,Graelool
984,Zeruais,Vessuar
985,Sundu Span,Sovo Major
986,Lorava Reach,Maeloeol
987,Corvoiith,Barke Major
988,Halvinae Prime,Vessoeux Major
989,Ekaru Realm,Zoleaund
990,Myraeith,Vessoan
991,Cindruen,Yethu Major
992,Faveniaen,Tevoin
993,Itheloy,Graelou Crest
994,Sundion,Ostaeth
995,Novareoom Domain,Corinui
996,Zeria,Golea
997,Antheel,Yethoear
998,Faveniith,Ferrouiys
999,Favenio Expanse,Vessoiv Spire
1000,Anthiaa,Quena
1001,Novarua Prime,Coriniesh Minor
1002,Praxaon,Vessiin
1003,Veyeo,Rhalouy Vale
1004,Elyey Span,Ostu Crest
1005,Ossaiaax,Corineao
1006,Ossaa,Jorea Spire
1007,Lomireo Prime,Sovui
1008,Nexia,Cosua Spire
1009,Itheloune,Niroe
1010,Sundiel,Brenu Crest
1011,Itheleoune,Yethu Basin
1012,Myriel Realm,Sovoesh Crest
1013,Ekaraus Domain,Lunoe Major
1014,Kaeloav,Taruia Hollow
1015,Praxeo Expanse,Maeleille
1016,Corvo,Wrenaiesh
1017,Anthaus,Corinuios
1018,Ekarua Reach,Quenui
1019,Nexey,Taroe
1020,Orvoiu,Fyreoar
1021,Zeroax,Ivea Major
1022,Volnuais Domain,Corinu Hollow
1023,Volni Expanse,Kesheaeth
1024,Anthiis,Tevai Vale
1025,Loravuu,Rhalui Reef
1026,Orvua,Yetheaesh Reef
1027,Isare Realm,Hesseille
1028,Zereel,Ostein
1029,Nexot,Maele Basin
1030,Sundaeel,Sovaie
1031,Cindriaav,Xaliux
1032,Lomireune,Graelai
1033,Ekaraey,Tevaiille
1034,Veyiaom,Xalound
1035,Ossaeoel Prime,Zoloey
1036,Kestro,Keshiom
1037,Veyais Expanse,Niroe Hollow
1038,Dravi Domain,Iviys
1039,Elyua Expanse,Cosiar Spire
1040,Elyayn Prime,Wreni
1041,Grostaera,Xaleille
1042,Kaelia,Dessaea Spire
1043,Orvae Prime,Osteak
1044,Grostuaor,Dessaoeeth
1045,Munenaeav Domain,Xaluin
1046,Loravaera,Cosuio
1047,Anthaeom,Fyreuior Major
1048,Halvineune,Maeli Hollow
1049,Kaelira,Tareo
1050,Praxu Fold,Goluiv Basin
1051,Loravuus,Dessaeaar
1052,Cindreoyr,Pavoys
1053,Elyu Span,Rhaliund
1054,Juneloii,Zoloos Vale
1055,Grostoi Expanse,Dessaoei Minor
1056,Ithelaey Realm,Joroeol
1057,Halvinaei,Hessa
1058,Ekaruon Realm,Vessaio
1059,Kestraeune Realm,Ivaia
1060,Corvaei,Fyrei Minor
1061,Juneleom Sphere,Pavaieth
1062,Orvaax,Ferroea Vale
1063,Ossauael,Keshaar
1064,Isaroom,Keshuiy Spire
1065,Volnua Expanse,Golu Crest
1066,Orvu,Jori
1067,Dravaen,Queniom
1068,Favenaune,Wreneo
1069,Cindria,Wrena
1070,Grostee,Keshui Crest
1071,Kestriaune Realm,Joraio
1072,Orvaeel,Yethui Minor
1073,Anthoiu Fold,Nirui
1074,Munenuar,Keshoak Basin
1075,Cindroth Fold,Sove
1076,Nexo Reach,Tareys
1077,Sunduax,Zoloeos
1078,Isariaith Realm,Corinaund
1079,Grostoiu,Rhalou
1080,Ossauax,Cosuiv
1081,Itheliara,Vessuund Spire
1082,Lomirua Realm,Ulmi
1083,Favene,Ivea Basin
1084,Beloruaav,Ulmouor
1085,Zeraeo,Xalu Major
1086,Faveneor,Cosouu Spire
1087,Ekarora,Rhalaiv Basin
1088,Elyiyr Reach,Dharea
1089,Praxae Span,Ferroeaos
1090,Elyeoo,Keshaiv Major
1091,Kaeloia Domain,Lunoea
1092,Ossauav,Sovaiesh
1093,Munenoi,Zoluiesh
1094,Kestroiax,Zoloe
1095,Kestreoor,Goliak Minor
1096,Antha,Sova Vale
1097,Elyae,Joroom
1098,Praxuaax,Pavoe Reef
1099,Muneni Reach,Cosouund
1100,Elyae Realm,Lunian
1101,Sundayn,Cosuor
1102,Ekaro,Dessai Major
1103,Corvael,Ferroi
1104,Ekara,Sovea Hollow
1105,Veyae,Dessau
1106,Favenaeyn,Cosiar Major
1107,Loraviao,Jore
1108,Ithelois,Xalui Crest
1109,Beloreoax,Xalee
1110,Draveo Sphere,Dessaiux
1111,Elyoor,Dharoe Vale
1112,Orvuara,Corinuiar
1113,Kestrera,Niraux
1114,Nexuy,Nireain
1115,Ekarae Fold,Breni
1116,Lomiraeom,Taruund
1117,Beloria Fold,Cosuos
1118,Volneo Reach,Jorou Spire
1119,Sunduith,Lunoei
1120,Halvinua,Corinou
1121,Kaela Domain,Sovaiom
1122,Lomiruais,Ferroia
1123,Kestriao,Golie
1124,Itheleoom Sphere,Dessae Hollow
1125,Praxuayr,Golua
1126,Corvao,Barkui Spire
1127,Corvaeis,Ulmai Hollow
1128,Kestroo Fold,Wreneaux
1129,Thaliael,Joruie
1130,Nexiune,Quena Crest
1131,Itheluyn,Hessiy
1132,Itheloira,Ferroaiak
1133,Corviae,Ulmoue
1134,Juneloira,Ostaos
1135,Grostae,Ferroiol
1136,Beloraeune,Fyreoe Minor
1137,Anthoiune,Dessauesh
1138,Zerou,Cosoor
1139,Elyuom,Keshaio
1140,Nexeot Span,Corinaar
1141,Anthe Realm,Niruille
1142,Dravoith Sphere,Hessai Minor
1143,Faveneoon,Osteaux
1144,Kaelaeune,Dharian Vale
1145,Thaliaon,Wreniar
1146,Sundaeen,Lunios
1147,Beloreo Fold,Maelaar
1148,Munenaav,Brena Minor
1149,Lomire Fold,Wrenoueth
1150,Corvath Fold,Dharuol
1151,Volne,Keshaan Major
1152,Ekariayr,Vesseaa
1153,Veyuath,Zoloom
1154,Orviyr,Paveain
1155,Sundaen Fold,Paveesh
1156,Ossaua Expanse,Hessaio Major
1157,Kestroel,Hessaiar
1158,Junelaeax Domain,Sovea Reef
1159,Ekarie Expanse,Barkoak Basin
1160,Kaeluayr,Barkoan
1161,Corvaor Domain,Taround Crest
1162,Thala Domain,Breneak
1163,Zeruaa Expanse,Dhare
1164,Praxaeel,Brene Reef
1165,Juneluay,Luneaak
1166,Grostu,Vessa Major
1167,Itheleoith,Tevaio
1168,Aveaus,Maeleaund
1169,Volnuor,Hessou Major
1170,Zeriae Reach,Barkeae
1171,Thaleoor,Quenoa Crest
1172,Novaraee Realm,Dharain
1173,Itheloit,Jorear Major
1174,Novari Reach,Ivuiar Spire
1175,Itheliaor Reach,Lunaor
1176,Zeroe,Dessaui Vale
1177,Halviniis,Fyreui Major
1178,Beloroiith,Lunoeeth Reef
1179,Loravu Domain,Xalaiu
1180,Isaruaav,Ivea
1181,Orvaeax,Iva
1182,Thaloyn Sphere,Rhaluesh
1183,Beloruara,Ulmios
1184,Myrayr,Corinaiin
1185,Ossauaus,Brenaiesh
1186,Dravu Fold,Cosouin
1187,Beloroiyn,Joreaak Reef
1188,Grostuara Expanse,Vesseo
1189,Favenuaith,Dharuesh Vale
1190,Orvura Sphere,Rhaleys
1191,Dravoi Expanse,Xalaiund Minor
1192,Kestriune,Vessai Hollow
1193,Volneus Domain,Ferroai Minor
1194,Praxu Reach,Tara Hollow
1195,Muneniay,Keshoe Minor
1196,Halviniat,Yethoar
1197,Corvoith,Ivuom
1198,Isareois Prime,Pavuii
1199,Veyuaav,Pavea Minor
1200,Praxa,Niri Hollow
1201,Loraveora Sphere,Ferrooesh Vale
1202,Nexut,Keshi Basin
1203,Junela Reach,Fyreeux Crest
1204,Cindruath Sphere,Ostound
1205,Corva Fold,Coso Vale
1206,Kaeloiel,Golea Crest
1207,Novaraeo,Wrenu Major
1208,Kestria Realm,Rhaloean
1209,Volna Span,Xalou Hollow
1210,Lomiruaa,Cosoear
1211,Orvaav,Keshaiesh
1212,Corviom,Ostuiiv Minor
1213,Beloreom,Ferroea
1214,Volneoav,Goloeol
1215,Myriav Prime,Corini Vale
1216,Thaliith,Sove Spire
1217,Kaelae,Jorue Hollow
1218,Anthaeel,Dharouiv
1219,Kestruis,Goluii
1220,Corve Expanse,Fyreoin
1221,Juneluaon,Queneaan Hollow
1222,Munenoi Span,Barkai Hollow
1223,Cindrois,Ivuille Basin
1224,Praxeor,Brene Major
1225,Anthir,Taroeom
1226,Praxeav,Joraii
1227,Myreus,Ostoein
1228,Cindru,Cosui Major
1229,Corviaus,Dessauio
1230,Draviar,Yethool
1231,Veyiara,Barkeak
1232,Elyeoel Realm,Keshu Spire
1233,Nexoiom,Sovaak
1234,Loraveoen,Ostaund
1235,Kestrui,Paviille
1236,Corveoo Fold,Ferroaior
1237,Veyoyr,Lunouo
1238,Elyeoy,Xaloin
1239,Orvaeu Fold,Hessaiol
1240,Halvine Reach,Barkuiu
1241,Cindruo Prime,Wrenou
1242,Lomiro Span,Soveai Minor
1243,Novaroy,Ulmuiar
1244,Kaeli,Ulmo
1245,Itheluus Sphere,Vessu Basin
1246,Novaraeom,Ferroi Reef
1247,Zereo Domain,Zoloeor Vale
1248,Isariaor,Zolaiv
1249,Halviniaax,Ostoeund
1250,Kestrira Realm,Ferroaiar
1251,Veyeen,Maelui Hollow
1252,Novareoom,Yethoui
1253,Aveaon Expanse,Maeluiv Basin
1254,Nexoion,Quenoua
1255,Belora,Niroe Crest
1256,Veyuen,Brenaor
1257,Veyaeith,Zoluol
1258,Volnaeune Prime,Xalio Minor
1259,Orveo,Lunaiux
1260,Ekarar Domain,Yethea Reef
1261,Zeruav,Zolo Reef
1262,Elya,Dharouan
1263,Lomiriae Domain,Hessuiund
1264,Loravuath,Yetho Hollow
1265,Corvoiis,Brenuom Crest
1266,Sundia,Lunuie
1267,Novareen,Vessuol
1268,Cindruaom,Goliin
1269,Belora Reach,Sovouille
1270,Novariom,Sovuesh Spire
1271,Sundeo Realm,Pavoue Major
1272,Orvuaav Sphere,Rhalouux
1273,Favenien,Graelu Major
1274,Aveuayn,Keshu
1275,Sundoi Fold,Corinaux
1276,Aveeel,Cosai
1277,Ossaeo Expanse,Tevu Crest
1278,Isaro Domain,Ulmaa
1279,Kaeliae,Xaluia
1280,Orviaax,Ferrouos Minor
1281,Dravoe,Tarau
1282,Veyi,Iveai
1283,Junelo Realm,Xalouille
1284,Zeroius,Osteor
1285,Nexuais Expanse,Wreniol
1286,Sundoiel,Taraieth
1287,Dravoi Sphere,Fyreaiol
1288,Muneniis,Jorear Basin
1289,Ekaraax Span,Vessiol
1290,Grostoax,Dhareaar Minor
1291,Anthi,Xala
1292,Aveaax,Brenouor Basin
1293,Drava Reach,Corinea Crest
1294,Kaeliy,Yetheaom
1295,Nexuayr,Iveaan
1296,Novarayr Domain,Nireao Hollow
1297,Kestrae,Cosuie
1298,Thaloira,Brenoe Basin
1299,Nexiath,Keshea Hollow
1300,Ossauara,Joruiys
1301,Grostoien,Wreno
1302,Junelaav,Zolaos Major
1303,Novaraav,Barkein
1304,Grosti Sphere,Corineiv Vale
1305,Kaeli Expanse,Dessaiin Reef
1306,Juneli Domain,Tevai Crest
1307,Isariaor Prime,Quenean
1308,Elyo Sphere,Ferroeaux Basin
1309,Nexar Domain,Tevoeys
1310,Halvinoia,Vessaios
1311,Loravaeor Fold,Ulmoor
1312,Lomiriyn,Xaloeesh
1313,Thalaeel,Vesseaan
1314,Zeruth,Tevoeo
1315,Thaluith,Tareaux
1316,Orvoia Expanse,Keshai Vale
1317,Kestruom Sphere,Dharai
1318,Cindriaen,Brenaesh Reef
1319,Kestrur,Teveae Basin
1320,Novariao Realm,Graeloys
1321,Zeroien,Hessaiux Major
1322,Juneloion,Teveae
1323,Sundua,Pavouom Vale
1324,Dravu,Fyree
1325,Aveiayr,Ivou Reef
1326,Novaruus,Vesseu
1327,Ossai Span,Breneille
1328,Kestroith Sphere,Rhalaa
1329,Kaelaeo,Graelei
1330,Novaru,Maelo Vale
1331,Volneoth Prime,Ferroaiille
1332,Juneluith Expanse,Tara
1333,Kestroiith,Tevueth
1334,Halvinuayr Sphere,Sovoy
1335,Isarois Reach,Xaluom
1336,Junela,Kesheain
1337,Anthuaax,Barkuol
1338,Halvini Prime,Kesheor Minor
1339,Volnu Reach,Hesseaund
1340,Favenae Span,Ferrouia
1341,Myraon,Ulmeaak
1342,Grostoi Realm,Rhalu Basin
1343,Itheleoy,Ostuiux Spire
1344,Myra Span,Hessoe
1345,Veyu,Quenea
1346,Novaria Sphere,Ulmuiv Vale
1347,Juneliyr,Nira
1348,Kaeluus,Dessaea Basin
1349,Thaliaor,Vessoe Crest
1350,Ekarous,Barkaiol Reef
1351,Lomiroien,Hesseaa
1352,Myraor Reach,Ulmouys Vale
1353,Cindroith,Niruiol
1354,Myrot Span,Niraak
1355,Corvuar,Maeloeund
1356,Novareoel,Vessoui Hollow
1357,Ossaeith,Tevai Major
1358,Veyoiyn,Xalieth Crest
1359,Beloriaav,Ferroound
1360,Junelia Expanse,Coseaos
1361,Nexua Fold,Cosui Basin
1362,Belorayr Prime,Golu Basin
1363,Isarae,Corina Vale
1364,Isareoy Span,Dessaouux
1365,Novaraa,Tevuux
1366,Myro Sphere,Dessauiak Reef
1367,Ekareous,Goliille
1368,Sundu Realm,Dessaoos
1369,Itheluav,Keshouo
1370,Volnaeu Realm,Golean
1371,Zeray Reach,Yethae Basin
1372,Elyia,Corinaiom Basin
1373,Draveon,Luniom Crest
1374,Favenua Expanse,Yethouol
1375,Orvuo Realm,Keshuos Spire
1376,Kestreoax,Corinaios
1377,Belorion,Ostaiin
1378,Lomiraera,Osteeth
1379,Ithelet,Sovoe Spire
1380,Anthua Expanse,Osto Reef
1381,Nexe,Maelouille Hollow
1382,Grostit,Maeloo
1383,Orvoior Sphere,Quenai Reef
1384,Lomiroy,Zoleaos Basin
1385,Thaleo,Hessuior Major
1386,Novareoo,Ulmean
1387,Nexei Prime,Jorea Basin
1388,Corvia Span,Graeleaux
1389,Beloraom,Joraille
1390,Kaeluom Reach,Breneai
1391,Orvaeon Reach,Teva
1392,Orve Expanse,Queneo
1393,Halvinia Fold,Joroe Major
1394,Ekaruis Fold,Yethoe
1395,Favenoi Domain,Xalui Hollow
1396,Beloriaax,Cosoein
1397,Kestreis,Sovaund
1398,Volna,Ivool
1399,Itheliav,Luneys
1400,Junelua Domain,Ostea
1401,Beloreoy,Corineesh
1402,Ekareora,Ostoeo Hollow
1403,Kaelaey,Yethoux
1404,Aveei,Maeluan Basin
1405,Zero Reach,Fyreie
1406,Cindrais,Zoluar Hollow
1407,Novareel,Lunouol Spire
1408,Elyior,Dessauiy
1409,Loravu Sphere,Vessoo Reef
1410,Beloruaith,Dessaouar
1411,Loraviayr Sphere,Yethui Reef
1412,Elyiat,Barkaiiv Reef
1413,Munenae,Zoloear
1414,Belorae Span,Ostou
1415,Isare Sphere,Fyreou Major
1416,Thaloiu Domain,Wrenoe Crest
1417,Favenua Sphere,Brenoos
1418,Juneluat,Nireos
1419,Myriaa,Cosoa
1420,Corvuaor,Graeloeund
1421,Isaruayn,Sovio
1422,Dravae Realm,Keshaia
1423,Beloruaon,Zoli Reef
1424,Sundi Reach,Dharaille
1425,Draviara,Zoluu
1426,Halvine Prime,Ostior
1427,Kestrir,Tevouan
1428,Ekariael,Osteu
1429,Elyuel,Nirouin
1430,Anthoiy Realm,Corine
1431,Favenae,Barkaor
1432,Beloruaon Realm,Hessou Crest
1433,Halvineoax,Tarear Spire
1434,Thali Reach,Yethoeo Vale
1435,Lomiriy,Vesse
1436,Faveneth,Taree
1437,Elyael,Tevaiund
1438,Dravoi Realm,Breno
1439,Myroiav,Pave Major
1440,Praxeo Fold,Ferroeaol Minor
1441,Praxiao,Rhalouos
1442,Thalath Reach,Niraios
1443,Halvinoith,Dessaeao
1444,Veyia Realm,Quenoe Basin
1445,Praxiyn,Keshoeeth
1446,Kestrou Fold,Dessauiille Spire
1447,Loravae Domain,Dessaein
1448,Loravaeis Realm,Breneaol Hollow
1449,Nexiao,Quenou Major
1450,Corveo Domain,Yethoeiv
1451,Thaloa,Graele Spire
1452,Draveoel,Lunaund
1453,Ithelaeor Prime,Luneau
1454,Kestreav,Golaia
1455,Novariai,Yethean
1456,Praxae,Hessouys
1457,Myreyn Reach,Golau Basin
1458,Beloroiom,Maelaor
1459,Favenoon Span,Maelaieth Reef
1460,Ekaroie Sphere,Niruiiv
1461,Anthaeel Expanse,Sovear
1462,Isaruaus,Ferroui Minor
1463,Nexois Expanse,Maelueth
1464,Ekaraeth,Vessoeth
1465,Ekareo Expanse,Barkue Spire
1466,Cindreyn,Yethao
1467,Antheth Expanse,Hesseaesh
1468,Nexeax,Ostoeys
1469,Avei Span,Corinai Minor
1470,Kaeluara,Zolaii
1471,Novaruon,Queno
1472,Halvini Reach,Joreaom
1473,Aveuaom,Dharouys
1474,Loravoius,Brenaund
1475,Anthais Sphere,Fyreoeeth
1476,Ekaroo Expanse,Tareae
1477,Praxuaen Span,Zoloein
1478,Munenuael,Nirou Reef
1479,Juneloith,Rhaloeys Reef
1480,Kaeleoy,Taruar
1481,Kaela Expanse,Goleor
1482,Juneliais,Ostuiux
1483,Loraveen Reach,Queniille
1484,Ossaaeyr Fold,Lunu
1485,Juneleus,Xalou Minor
1486,Lomiria Reach,Luni Spire
1487,Corvae Fold,Tevoui Basin
1488,Thaluael Reach,Niri Reef
1489,Kestru,Brenui Hollow
1490,Orvo,Lunee
1491,Elyaeus,Taroueth
1492,Corveor Sphere,Joru Basin
1493,Kaeleoith Sphere,Wrenea Minor
1494,Corvoor,Goluin
1495,Grostaeis Domain,Fyreaol
1496,Anthous,Cosuan Basin
1497,Zeri Domain,Golia Crest
1498,Ossaaa,Rhaloee
1499,Kestra,Hesseaor
1500,Sundae,Pavoeom
1501,Kaeleoith Reach,Ivaiu
1502,Thaleoom,Ostio
1503,Elyiis Prime,Rhaleiv
1504,Loravuaax,Maelian Hollow
1505,Itheluaen,Ostu
1506,Anthiaax,Corineille Basin
1507,Sundith,Breneain
1508,Thalaeax,Zolou
1509,Praxiaith Reach,Ivaieth
1510,Junelae,Nirua
1511,Nexia Domain,Dhareae
1512,Itheleo,Ivoor
1513,Ossaia,Graeleays
1514,Kaeliaus,Maeleux Spire
1515,Sundia Realm,Maeli
1516,Kestriu,Tevea Reef
1517,Cindru Fold,Tevuak
1518,Myraon Reach,Maeluii
1519,Loravee Span,Sovaii
1520,Anthior,Barkaom
1521,Nexeoe,Vessuian
1522,Juneleoax,Ferrooe
1523,Ekarot Span,Corinuor
1524,Ossaaea,Queneays
1525,Juneluaa Prime,Dessaa Crest
1526,Grosteu,Golouo
1527,Lomireor Span,Ostiin Major
1528,Nexuath,Ferrouiund
1529,Munenion,Kesha Vale
1530,Lomiruune,Ostao
1531,Kaeleus,Coseai
1532,Ekaroom Span,Brenouak
1533,Zera Sphere,Vessea Spire
1534,Aveaea,Zoluan
1535,Kaelar,Yethee Major
1536,Novari,Keshuiin
1537,Orveor Span,Graelao
1538,Beloroior Realm,Barkays
1539,Corvoio,Dessauom Basin
1540,Orvoon,Ivaiak Major
1541,Avear,Graelaeth
1542,Anthiax,Yethain Spire
1543,Volneoyn,Keshuille
1544,Volnuaith,Ivai Hollow
1545,Isarui,Brenoeth Major
1546,Anthaen,Pavain Crest
1547,Elyeom,Brenoo
1548,Zerae,Pavu Basin
1549,Drava Realm,Queni Spire
1550,Kestreax,Jori Reef
1551,Anthiel Fold,Zole Vale
1552,Elyo Reach,Rhalu
1553,Volnoa,Breneol
1554,Isariaom,Maelaio
1555,Munenuor,Sovii
1556,Faveneoith,Niroo
1557,Nexae Prime,Rhaliak
1558,Kaeleis,Zoleiv
1559,Orve,Ulmoeom Spire
1560,Kestro Reach,Quenoe Hollow
1561,Elyuai,Vessaia
1562,Elya Sphere,Wrenoeom Reef
1563,Praxeo,Ostuior Basin
1564,Volnu Realm,Dessaeund Crest
1565,Veyiael,Coseao
1566,Elyuaus,Tevuiille
1567,Nexa,Goluol Vale
1568,Sundoyr,Yetheaol
1569,Thaloi,Keshuiiv
1570,Zerae Reach,Ulmian
1571,Veyuaom,Maelu
1572,Ekarao,Corineaol
1573,Orveoor,Hessaios Minor
1574,Myri Realm,Dessauiille
1575,Ekareor Sphere,Ferroouiv Reef
1576,Itheliaen,Graeluiol
1577,Grosteen,Cosea
1578,Corvia,Tevaiv
1579,Kestru Span,Sovi Reef
1580,Beloruais,Dharui
1581,Zeray Expanse,Corinouar
1582,Veyiel,Maeluiesh Major
1583,Lomiraom,Barkuo Reef
1584,Dravia Prime,Cosa Crest
1585,Novariaax,Vessian
1586,Sundeo Sphere,Lunuiin
1587,Grosteoyn,Tareor
1588,Grostaeor,Cosei
1589,Myreoa Sphere,Niru Major
1590,Corvuune,Zoloeesh
1591,Drave,Xaluesh
1592,Myreoor,Goluor
1593,Draveous Sphere,Lunu Reef
1594,Faveno,Dessaoeos Minor
1595,Ekareoth,Graelaiesh
1596,Zero,Ulmuiar Crest
1597,Munenous,Ivuille
1598,Loravu Span,Barkean Reef
1599,Grosti,Ulmii
1600,Junelo Prime,Ferroiys
1601,Ossaais,Xaloein
1602,Cindruis,Lunouin
1603,Novarath,Brena
1604,Anthey,Quenuiv Crest
1605,Grostoion,Quenui Crest
1606,Ekarae Realm,Maelai
1607,Halvinua Prime,Barkiiv
1608,Isarua Reach,Quenuor Crest
1609,Anthoiyn,Dessauie
1610,Volnuais,Ivuund
1611,Loravea,Queneaeth Hollow
1612,Beloruith,Brenuos Reef
1613,Juneloyn,Niruan
1614,Isari,Rhalo Hollow
1615,Corvien,Lunouund
1616,Myriara,Fyreaux
1617,Veyaon,Joreol
1618,Praxaeune,Wrenaior Crest
1619,Elyoi,Pavios Hollow
1620,Volnuax,Lunouund Reef
1621,Corvot,Barkuiiv
1622,Ossaeis,Hessai Hollow
1623,Kaelaeis,Quenaeth
1624,Elyoiis,Pavi
1625,Junelia Reach,Paviol Spire
1626,Sundaeon,Cosaii
1627,Aveuis,Maeloean
1628,Grostaei,Tareaund
1629,Muneneo,Vessoor Minor
1630,Myroom,Ivuio
1631,Nexaeu,Sovoa
1632,Elyuais,Hessaiux
1633,Halviniau,Rhalaar
1634,Thaleoon,Brenoein
1635,Favenu,Dharaeth
1636,Grostoiom,Joroein
1637,Ithelaav,Dharoua
1638,Loraviayn,Queneor Major
1639,Juneliav,Hessuol
1640,Grostaer Domain,Cosii Basin
1641,Faveniaav,Quenouar
1642,Volnoune,Wrenu Hollow
1643,Grostiao,Ivoan
1644,Isarua Expanse,Yethuo Minor
1645,Volniaom,Ulmeaille Spire
1646,Grostoo,Dharu Reef
1647,Cindrae Expanse,Ferroeom Hollow
1648,Volnay Prime,Ivouund
1649,Cindruy Span,Ulmaiux
1650,Aveeo,Niruys
1651,Loravith Expanse,Tarui
1652,Ithele,Hessio
1653,Aveo,Niraian
1654,Grostiaus,Hessoor Basin
1655,Anthuayr,Cosuiin Hollow
1656,Zereoon,Iveaiv
1657,Junelaea,Tevuii
1658,Loravuaor,Niruiesh Minor
1659,Nexaeel Fold,Hessoar
1660,Munenaeith,Maelouiv
1661,Veyoi,Fyreea Basin
1662,Sundeora,Dhareain Hollow
1663,Myroior Expanse,Dessauia
1664,Kaeleo,Dharaund Crest
1665,Favenua Span,Hessu
1666,Beloreoel,Ferroaiin
1667,Cindroyn Sphere,Niruy
1668,Sundiaen,Graeluux
1669,Isaroii,Hesso
1670,Elyeoom Reach,Ferroaian
1671,Nexoius,Rhaleak
1672,Junelua Reach,Quenuol
1673,Kestraen Expanse,Hessouan
1674,Itheluth Reach,Yetheaol Spire
1675,Beloria Domain,Ulmai Minor
1676,Munenu,Rhalui
1677,Cindroira Reach,Vessaiv
1678,Thaliaus,Pavuesh
1679,Cindriy,Joruys
1680,Munena Prime,Tarouux
1681,Cindriaor,Barkai
1682,Beloraey,Xalea
1683,Myraee,Rhalo Vale
1684,Lomiroax,Keshouiv
1685,Cindroel,Tarea Reef
1686,Munene,Queneys
1687,Ossaiaune Prime,Quenoeth Crest
1688,Juneluus,Sovo Crest
1689,Praxe Fold,Vessuia
1690,Munena Span,Tevoean Minor
1691,Sundaom,Breni Spire
1692,Favenuyr,Nira Spire
1693,Favenaor,Sovu Crest
1694,Kaelai,Yethouin
1695,Novareith Sphere,Ulmuux Spire
1696,Grostiyr Prime,Xaleiv
1697,Ekareoo,Taraiux Major
1698,Ithelath,Maelaak
1699,Praxua Sphere,Jorui Minor
1700,Sundaeor,Luneaund
1701,Beloruus,Corinouys Reef
1702,Praxuaune,Quenaiille
1703,Corvoi,Yethouesh
1704,Nexeon,Ivaiar Hollow
1705,Juneleo Domain,Wreneao Major
1706,Kaeluayn Fold,Ostouesh
1707,Kestruor,Ferroeos Hollow
1708,Ekariae,Wrenui Basin
1709,Dravuus Prime,Queniu Reef
1710,Grostiax,Hessear
1711,Munene Sphere,Quenuund
1712,Aveoi Fold,Brenae
1713,Cindrua,Zolea
1714,Elya Prime,Paviys Spire
1715,Zereo Expanse,Fyrei Major
1716,Kaelia Domain,Graeleesh
1717,Thaleune,Corinaio
1718,Orvi,Golaak
1719,Nexaeith,Cosai Spire
1720,Lomiraen,Yethi Spire
1721,Ossae,Tevoeux Crest
1722,Belorior,Barka Reef
1723,Kaelu,Yetho
1724,Ekaruau,Ferroays Basin
1725,Nexoon,Maelao
1726,Lomiruayn,Ivao Hollow
1727,Kestrora,Maelu Crest
1728,Nexeoor Realm,Vessiom
1729,Zeruaa,Fyreeaan
1730,Elyuus,Xaluieth
1731,Halvinuae Reach,Wrenu Crest
1732,Orveou,Pavaiy Reef
1733,Cindraa,Rhalo Spire
1734,Elyo,Ostea Hollow
1735,Orveoyn Domain,Tevea Major
1736,Corviaor,Ferroiux
1737,Volne Reach,Sovuin Vale
1738,Novara Prime,Tare Reef
1739,Sundoie Domain,Brenoe
1740,Loravuax,Pave Hollow
1741,Sundeoax,Dharou Reef
1742,Itheliara Reach,Yetheaesh Hollow
1743,Volno Sphere,Quenoe
1744,Ossaith,Vessiy
1745,Veyia,Barkaan
1746,Ossauaor,Maelear
1747,Isaraith,Breniol
1748,Favenu Reach,Dharai Vale
1749,Munenaeyn Span,Hessi
1750,Aveoior,Brenu Reef
1751,Junelera,Pavoeesh
1752,Dravee Sphere,Pavea
1753,Kestreois,Ivou
1754,Itheli,Ivai Crest
1755,Ossaeyr Sphere,Xalo
1756,Itheli Prime,Graeleai
1757,Junelea,Graeloe
1758,Kaeleo Expanse,Zoloeille
1759,Faveni,Niruieth
1760,Sundoi Reach,Wrenea Vale
1761,Thalo,Maelaund
1762,Novarae,Xali
1763,Kestreoen,Vessaor
1764,Praxi Reach,Graeloue
1765,Itheliaith,Dharu Major
1766,Praxoiy,Niriak
1767,Zeriaune,Jorouiv Basin
1768,Ekaraeu Expanse,Tevuund
1769,Corvaeu Expanse,Goloesh
1770,Favenua,Keshoak
1771,Anthia Domain,Fyreouak
1772,Anthuaor,Vessouy
1773,Corvee,Vessiu
1774,Elyoth Prime,Coso Spire
1775,Thaliayn Sphere,Ulmui
1776,Praxoy,Niraiar
1777,Ossaoi Reach,Pavuiak Spire
1778,Itheluo,Maelaiiv Hollow
1779,Volnoiav,Kesheays
1780,Dravaera Fold,Corineaor
1781,Novaruor Fold,Ostuiar
1782,Zerao,Ferrooe Major
1783,Sundoen Span,Cosoea Hollow
1784,Favenoiune,Tevea
1785,Praxiaus Span,Dharuo
1786,Draviis,Zolouille
1787,Corvaeune,Tareaan
1788,Belorais,Graelouos
1789,Veyeoon,Paveeth
1790,Isariis,Vessool
1791,Junelaor,Zoloeth
1792,Zerae Domain,Pavoeor Crest
1793,Ossaiath,Ferroeor Minor
1794,Isaruor,Coseau
1795,Dravaom,Graelaiol
1796,Cindruon Sphere,Ferrooeak
1797,Lomire Prime,Niroe Spire
1798,Orveu Span,Xalouos Hollow
1799,Grostoav,Dessaaol Vale
1800,Veyua Reach,Jorein Reef
1801,Veyoira,Golu Major
1802,Halvinais Domain,Ostaiille Minor
1803,Kaeluaom,Ivu Major
1804,Ossaaeel Reach,Ulma Hollow
1805,Zeret Expanse,Zolouund
1806,Antho Sphere,Dharay
1807,Cindreoav,Ferrouo
1808,Kaelia Prime,Brenoeux
1809,Nexeoune,Dessaaol Minor
1810,Itheluaus Expanse,Quenieth
1811,Kaeluom,Pavound
1812,Sundiai,Cosou
1813,Cindreoon,Oste Basin
1814,Isareoo,Wrenea Spire
1815,Aveaen,Corinoos
1816,Favenoav,Ostu Reef
1817,Isaraeo,Sovai Basin
1818,Lomirae Prime,Cosouys
1819,Thalua Reach,Barkouo Minor
1820,Anthiaon,Fyrei
1821,Ithelae Reach,Graelu Reef
1822,Nexoiis,Pavoean
1823,Nexaea,Graeleund
1824,Faveneoav Realm,Keshoy
1825,Volno Reach,Tevui Hollow
1826,Praxaeith Prime,Vessouund
1827,Praxu Span,Lunoe
1828,Draveo,Ferroa
1829,Itheliaune,Luneux Minor
1830,Junela Expanse,Ostai Crest
1831,Ekareon,Brenai
1832,Favenara,Pavuom
1833,Ekaroi Expanse,Ivue
1834,Myreo,Cosaar
1835,Praxiaune,Graela
1836,Cindri,Keshuio
1837,Kaeluon Span,Golo Basin
1838,Grosteora Reach,Niraar Crest
1839,Itheloen,Ostiak Reef
1840,Kestrien,Dhareai
1841,Veyue,Xaloo
1842,Kestriaor,Golaan
1843,Lomiruu,Cose Vale
1844,Ekarua Domain,Cosoak
1845,Belorath Span,Yethou Vale
1846,Junelu,Osteol Vale
1847,Kestreen,Soveaak
1848,Lomiraeyr,Dharu
1849,Dravi Realm,Luniak
1850,Anthuaav,Zolai
1851,Munenayr,Pavein
1852,Isareune Reach,Iveor
1853,Itheluaune,Barkoeux
1854,Novaroiu,Barkuin Vale
1855,Grosteoen,Osteund
1856,Corviau,Joro Major
1857,Orvuyn Span,Quenoei
1858,Sunduav,Ferroean
1859,Aveior,Fyreea Crest
1860,Zeruon,Dharior
1861,Ossao Fold,Luneaille
1862,Grosteo,Keshea Major
1863,Myraus Fold,Maeluie
1864,Aveae Prime,Vessai Reef
1865,Junelaus,Vessain Crest
1866,Cindro,Ferroouom Spire
1867,Sundoen,Taroe Basin
1868,Dravuon Expanse,Luniund
1869,Grostaeune,Vessia
1870,Cindrae,Dharouor
1871,Sundaeu,Rhaliar
1872,Myrua Prime,Wreneays
1873,Anthuo,Yethool Reef
1874,Novaru Span,Hessoe Basin
1875,Loravoion Fold,Barkia Reef
1876,Myruor,Vessao Hollow
1877,Elyoyn,Hessi Crest
1878,Beloruau,Dessaaii
1879,Zeru Reach,Hessou Reef
1880,Ossaua Domain,Fyreuii
1881,Junelo Expanse,Hessui Reef
1882,Ithelaon,Fyreeaom
1883,Myruao,Rhalou Hollow
1884,Junelaei,Barke Reef
1885,Anthoion,Yethaie
1886,Ekarae,Goliund
1887,Halviniayn,Graeley Spire
1888,Elyiaith,Zoluar Vale
1889,Veye,Ivuesh
1890,Junelaeom,Yethaan Reef
1891,Corvu,Nireol
1892,Veyo,Sova Basin
1893,Nexui,Tevo Crest
1894,Aveaom,Wrenuio Basin
1895,Volnaeax,Luneille
1896,Ekarea,Ferrou Crest
1897,Ossaeora Fold,Zolai Major
1898,Myroien,Quenoean
1899,Anthiaom,Hessai
1900,Ekareo Fold,Hessuom Vale
1901,Elyeo Realm,Ivi
1902,Nexaith,Dhareux
1903,Favenae Reach,Yethaar
1904,Praxoax,Niroear Basin
1905,Grostoa Sphere,Pavoea
1906,Dravoie Sphere,Yethound
1907,Anthuau Fold,Graelaiu
1908,Favenoyr,Dharouesh
1909,Corveoon,Keshou Crest
1910,Loravoi Sphere,Wrenouom Hollow
1911,Grosteoith Realm,Brenu
1912,Cindroion,Graelou
1913,Kestriyr Expanse,Goliys
1914,Belorayr,Tevaar
1915,Ossauael Expanse,Sovouar
1916,Lomirae Fold,Niraiak
1917,Orva,Cosui Hollow
1918,Halvineel,Tevoe Spire
1919,Beloria Reach,Brenaii
1920,Volnaith Span,Yethuan
1921,Ekaruen Sphere,Coso
1922,Cindru Domain,Fyreiux
1923,Elyoi Prime,Yethouan
1924,Myrae Expanse,Sovaa
1925,Aveaeu,Dharoeol
1926,Isaraon,Barkea Minor
1927,Lomireo,Vessau
1928,Isari Reach,Iveund
1929,Zerai Reach,Luneille Crest
1930,Ossaeo,Vessaiiv
1931,Myroi Prime,Ivoein Crest
1932,Praxeax,Keshoux
1933,Nexi Reach,Maela Reef
1934,Munenuai,Zoluior Reef
1935,Sundoius Span,Dharios
1936,Isaraa Reach,Ferroeaille
1937,Thaluy,Iveaux
1938,Ossaais Prime,Ferroouol
1939,Favenuo,Taroua Minor
1940,Volnua,Taruiesh
1941,Corvaa,Wrenoeos Basin
1942,Nexeoo,Zolaiom
1943,Sundoi Expanse,Vessuy Crest
1944,Novareoen,Yethaol
1945,Ekario,Fyreou Basin
1946,Munenera,Kesha Basin
1947,Beloraei,Rhalouak
1948,Veyius Fold,Fyreoe Crest
1949,Orvaera Domain,Corinoe Crest
1950,Loravaa,Barkaiar
1951,Aveoor,Goleak
1952,Aveoi Domain,Dessaeaille
1953,Juneleo,Wrenoeille
1954,Grostiayn,Rhaleaor
1955,Lorave,Ulmiak
1956,Aveeax,Jorouom
1957,Junelie,Quenoeak Reef
1958,Kaelaune,Ivoei
1959,Kaelae Fold,Graeluom
1960,Draveois,Rhaloeom
1961,Praxu Domain,Graeluan Minor
1962,Volnion,Keshu Vale
1963,Volneo,Zolu Vale
1964,Loraveoo,Zola
1965,Beloru,Zola Basin
1966,Kaeleou,Wrenoe Major
1967,Lomiroa,Wrene
1968,Nexoa,Ivaiu Minor
1969,Dravau Domain,Cosaiiv
1970,Corvu Prime,Maeluior
1971,Munenoie,Wreneaille
1972,Novaroon,Lunaiy
1973,Isariar,Niri Minor
1974,Thalien,Barko Crest
1975,Veyith,Zoleos
1976,Sundoi,Yethaiom
1977,Ithela Span,Joru Reef
1978,Veyi Span,Osti Basin
1979,Beloroi Span,Iveaak
1980,Orveoom,Ulmeaille Minor
1981,Isaru,Xalay
1982,Zera Reach,Hessiund
1983,Loravoii,Jorios
1984,Veyo Span,Brenaiin
1985,Aveeoyn Fold,Fyreeom Vale
1986,Orvoi,Vesseos
1987,Draveoav,Dhara
1988,Cindraor,Cosiille
1989,Kaelo Sphere,Paveaund
1990,Kaeleor,Vessaar
1991,Halvinaeom,Corinou Major
1992,Veyuu,Ostuille Hollow
1993,Nexaeune,Yetheao
1994,Cindru Expanse,Xalouom
1995,Dravaer,Fyreoe Vale
1996,Muneneo Expanse,Maelou
1997,Itheluay,Zole
1998,Favenuus,Brenoi
1999,Junelous Realm,Soveaar
2000,Loravaeis,Yethein Crest
2001,Lomiroav Span,Wrenouan
2002,Volnera,Pavuar Minor
2003,Nexeoith,Vessuan
2004,Nexae Domain,Rhalou Major
2005,Loravoi Reach,Zolo
2006,Volna Reach,Joru Vale
2007,Veyeoel,Rhalouos Spire
2008,Praxiayn,Ferrouom
2009,Nexu,Golu
2010,Volne Realm,Brenai Vale
2011,Grostiaen,Teveys
2012,Volnoy,Dharoan
2013,Zeru Fold,Yethoiv
2014,Loravoith Realm,Tevou Crest
2015,Myrua Expanse,Dharoean
2016,Lomiru Sphere,Nireeth Vale
2017,Novaroi Expanse,Ulmoean
2018,Munenaom,Ostuia Reef
2019,Veyiaune Span,Hessouom
2020,Volnaeune Domain,Brenea
2021,Volnaeav,Sove Minor
2022,Halvinua Domain,Sovuiu
2023,Zereous,Cosau
2024,Volnoi,Ulmuys
2025,Lomiri Reach,Graelaom
2026,Ekariom Span,Quenaak
2027,Beloroi,Oste Reef
2028,Praxia,Joreaiv
2029,Novaruao,Barkoa
2030,Veyuae Realm,Ostoear
2031,Orvoi Domain,Quenai
2032,Zeroy Sphere,Xaliak
2033,Itheleo Domain,Golaio
2034,Thalois Span,Graelouol Vale
2035,Kestra Fold,Brenoe Major
2036,Sundaeo,Ulme Reef
2037,Favenaer,Barkoe
2038,Itheleu,Vesseaiv
2039,Cindreith,Zoliund
2040,Loravuai Sphere,Lunue
2041,Elyuith,Maeluiiv
2042,Ithelia,Golaund
2043,Grostua,Maeloe Vale
2044,Corviax,Yethau
2045,Myra Domain,Dessaieth Crest
2046,Avee,Yethuar
2047,Zereois,Osteaar
2048,Zereoo,Taruiom
2049,Zeruyr,Keshaol
2050,Zera,Breneu
2051,Kaeliaav,Rhaluiiv
2052,Dravua,Barkea
2053,Nexoi Span,Cosuia
2054,Thalo Realm,Fyreuund Crest
2055,Kestriaus,Hessiar
2056,Itheleo Prime,Corinea
2057,Nexuaor,Graeloeille
2058,Veyua,Tevui
2059,Itheluais,Jorou Minor
2060,Faveneoom,Sovea Major
2061,Munenao Realm,Dessauor
2062,Elyay,Hessuiys Crest
2063,Volnuth Domain,Maeleaom
2064,Ekariaax,Soveaos
2065,Ekaroi Reach,Dharu Minor
2066,Orveoel,Pavain
2067,Beloreune,Zolo Spire
2068,Halvino Reach,Cosi Hollow
2069,Halvinoax,Niroa
2070,Ossai,Dessaoe Hollow
2071,Volnoen,Tevoy
2072,Orva Reach,Vessa
2073,Aveuom,Corinai Hollow
2074,Thalu Expanse,Fyrea Major
2075,Draviaom,Goleaux
2076,Corvua Sphere,Pavu Major
2077,Cindriath,Sovou Vale
2078,Novarua,Yetheaar
2079,Itheloi,Goleos
2080,Loravoiav,Zoloa
2081,Veyu Prime,Zole Spire
2082,Myraav,Xaleai
2083,Kestra Realm,Pavee
2084,Belore Reach,Sovea Crest
2085,Junele,Keshe
2086,Anthaeax,Zolouol
2087,Ekaraeyr,Queno Vale
2088,Veyu Expanse,Rhali Crest
2089,Kaeluith Span,Fyreoor
2090,Favenui,Rhalouom
2091,Isareen,Barkior Spire
2092,Orvuaom,Niraiol
2093,Isaruaune,Tevai Reef
2094,Ekaraeu,Ferrouille Reef
2095,Myraeyr,Keshaos
2096,Isaraen,Xalao
2097,Isaraeom Realm,Dessaaio
2098,Loravar,Rhaluieth Major
2099,Antheoax,Cosoea
2100,Volnaera Realm,Keshai Crest
2101,Beloraune Expanse,Barkouol
2102,Orvaith,Dessaeays
2103,Halvineen,Lunein Reef
2104,Favenoiom Span,Keshoe Major
2105,Ekaraea,Goloa
2106,Veyeoi,Taroeth
2107,Dravoi Fold,Soveom
2108,Isaruael,Xaluie Spire
2109,Kestrai,Rhaloin
2110,Nexoy,Nirou Basin
2111,Anthe Expanse,Rhaloua Basin
2112,Volnoiis,Rhalound
2113,Isaroo,Graeleund Major
2114,Zeroi,Corinaille Hollow
2115,Ekaroi Prime,Rhaluos
2116,Sunduayn,Brenoey
2117,Novaraeen Realm,Rhaluom
2118,Kaelaera,Graelo Hollow
2119,Kestruyr Expanse,Cosaan
2120,Munena Expanse,Pavou
2121,Itheli Domain,Wreni Crest
2122,Ekaruis,Fyreoille
2123,Dravais,Golie Basin
2124,Praxaer,Ulmai
2125,Grostoyn,Graeloua
2126,Thaley,Joroe Crest
2127,Myroiom,Pavoe Vale
2128,Grostiaav,Corinaesh
2129,Juneloiav,Rhalai
2130,Ossauyr,Osto
2131,Aveaav Expanse,Cosui
2132,Nexeyr,Barkoys
2133,Volnael,Hessaios
2134,Kaelaeith,Fyreios
2135,Grosteo Span,Vessea Major
2136,Muneneu Reach,Dharoe
2137,Sundiaax Expanse,Maelaiesh
2138,Praxaen,Maelu Basin
2139,Kaeluay,Hessoak
2140,Loraveyn,Pavoei
2141,Praxua,Keshai Minor
2142,Dravia,Breneaan
2143,Anthoiith,Hessou
2144,Myru,Joruos Spire
2145,Kestraav,Quenuille
2146,Novaria Expanse,Rhali
2147,Elyeo Fold,Rhalaii Vale
2148,Munenaeor Fold,Lunaiin
2149,Thalia Sphere,Hessoin
2150,Favenia,Corinouom
2151,Isaria,Hessui Major
2152,Itheleo Reach,Dessauior Crest
2153,Aveiaav,Dhariy
2154,Lomiraax,Pavea Reef
2155,Volno,Graeleao Basin
2156,Anthia,Dharaiin
2157,Nexaeo,Rhalao
2158,Nexoi Realm,Kesheae Major
2159,Junelua,Vessaiak Major
2160,Belore,Dessaue
2161,Junelee Reach,Ivian
2162,Corvath,Dessauin
2163,Zeruaune Domain,Fyreuin
2164,Elyeoi,Lunaar
2165,Nexaeom,Ostuiar Hollow
2166,Myrua,Keshiiv Reef
2167,Volnuith,Goloeys
2168,Aveaera,Luneays
2169,Veyeo Expanse,Barkoar
2170,Antheoth,Jorui Hollow
2171,Junelaeith,Maele
2172,Anthoi,Dhareund Hollow
2173,Sundi Domain,Tareao Basin
2174,Corviay,Hessoea Spire
2175,Volnoiom Domain,Yethei
2176,Ossaue,Tarool
2177,Ekaraee Fold,Xalua
2178,Novaria Fold,Queniesh
2179,Loravia,Soveain Basin
2180,Loravo Reach,Golai
2181,Zerais,Goluiy Hollow
2182,Ekaroira,Cosuiy
2183,Antheoen,Lunear
2184,Cindraeyr,Zoloor
2185,Lomireo Fold,Ferroeo
2186,Praxoiis,Dharoeor
2187,Juneliaen,Joruior
2188,Lomira,Vesseesh
2189,Novara Reach,Tari Spire
2190,Isareo Domain,Jorui Spire
2191,Juneleoen,Yethe
2192,Ithelie,Yethouys
2193,Orvaeyn,Lunaiol Basin
2194,Aveaune,Graeluio
2195,Lomiriao,Ostuak
2196,Myreoyn,Keshea
2197,Ossaaen,Xaloak
2198,Lomiruaon,Sovieth Basin
2199,Praxaea,Lune Spire
2200,Kaelaor Prime,Dessaeol
2201,Myrae,Sovaan
2202,Sunduaor,Sovoe
2203,Corvaeith,Ivaa
2204,Halvinuus,Fyreiux Major
2205,Ekariaa Fold,Quenouux Reef
2206,Kaelu Expanse,Keshe Reef
2207,Muneno,Keshaiys Crest
2208,Nexara Sphere,Yethaan
2209,Drava,Ivie
2210,Myriai Span,Hesse Crest
2211,Grostiay,Yethaille
2212,Corvie,Dessauiux
2213,Cindreoor,Barkuiu Basin
2214,Aveu,Brenuu
2215,Aveaee,Brenea Spire
2216,Lomirut,Brenai Hollow
2217,Orva Prime,Rhalaol
2218,Munenael Realm,Dharoui Spire
2219,Sundeo Fold,Ostoe Major
2220,Myriyr Prime,Corinool
2221,Ekaruith Domain,Vessu
2222,Kaeli Realm,Dessaou Hollow
2223,Lomiruith,Ulmu Major
2224,Isaroa,Pavo Spire
2225,Beloriaen Prime,Ostai
2226,Itheloia,Barkaiys
2227,Loraveoune,Barko Spire
2228,Thalea,Cosuiol
2229,Kestrayr,Wrenui Minor
2230,Isaroi,Cosouille
2231,Ossaous,Hessaiv Hollow
2232,Myrais,Ivoe
2233,Veyeen Reach,Wrenaom
2234,Anthais Domain,Jora
2235,Praxoav,Barkeys
2236,Corver,Sovoeesh Hollow
2237,Isareyr,Barkouiv
2238,Corvae Domain,Sovi Vale
2239,Ossaiom,Golii Minor
2240,Beloria,Rhalouy
2241,Anthoira,Vessuor
2242,Ossaiaav,Sovueth
2243,Myreoax,Tarai
2244,Zeriax,Tevoo Basin
2245,Ekaraeel,Fyreuiak
2246,Myrien Prime,Golaeth
2247,Cindrua Expanse,Rhalui Basin
2248,Munenaeo,Graeli Basin
2249,Juneloax Realm,Cosu
2250,Orvo Expanse,Jorui Vale
2251,Ekaroie,Yethuios
2252,Favenae Expanse,Wreno Vale
2253,Loravaea,Ulmouos
2254,Ekari Span,Quenaiu
2255,Corvior,Graeloux
2256,Lomirai Sphere,Dhareund
2257,Novariaith Sphere,Goluio
2258,Zeroyn Expanse,Niroeos
2259,Kaeliax,Xalea Basin
2260,Veyua Sphere,Dessaoeu
2261,Novaraet,Hessoue
2262,Lorava,Rhala
2263,Zeriayn,Quenii Minor
2264,Myrith,Ivai
2265,Praxeo Span,Graeloa
2266,Praxo,Maeluor
2267,Favenoior,Lunea Reef
2268,Draviaus Reach,Zoloo
2269,Beloriith Sphere,Queni Minor
2270,Cindria Domain,Sovi
2271,Dravaax,Sovuiys
2272,Zeree,Barkoe Minor
2273,Sundeo Prime,Barkea Hollow
2274,Volneav,Rhaluiesh Reef
2275,Nexi,Yethear
2276,Volnuo,Keshui Hollow
2277,Volnuaav,Maeloux
2278,Cindroor,Tevo Major
2279,Sundut,Goluiille
2280,Nexae,Barkuesh Spire
2281,Cindre Domain,Vessou
2282,Favenia Sphere,Tevouor Basin
2283,Praxeoth,Wrenai Basin
2284,Lomirai,Ulmao
2285,Praxoi Fold,Keshui
2286,Ekari,Xali Hollow
2287,Munenuaen,Ostou Hollow
2288,Novariaa,Tevoom
2289,Draviaax Sphere,Tevouux Hollow
2290,Thale,Maeloue Major
2291,Ossaa Realm,Ferroaie
2292,Sundeo,Maeleaux
2293,Loravoie Expanse,Niriol Basin
2294,Thaloy Realm,Jorii
2295,Nexaeax,Breni Major
2296,Halvinira,Ferroea Hollow
2297,Kestrao,Ostoom Major
2298,Cindroi,Tevoe Basin
2299,Ekareoith,Ulmuiund Reef
2300,Loraveel Expanse,Wrenoee
2301,Munenu Sphere,Fyreuian Major
2302,Kestriaith,Golo
2303,Nexiais,Ulmaak
2304,Dravaeith,Lunou Basin
2305,Kestruaon,Fyreao
2306,Volneoyr,Cosouiv
2307,Elyaa,Osteiv
2308,Corvara Span,Ulmouo
2309,Elyeu,Pavuor Minor
2310,Kaelo,Maeloe Hollow
2311,Nexo,Ulmoe
2312,Kestro Expanse,Fyreoe
2313,Ossaae Reach,Cosuille
2314,Sundeune,Rhalaiar
2315,Isarua,Goluar
2316,Cindroiith Domain,Jorao
2317,Thalui,Joraom Vale
2318,Halviniom,Dhara Minor
2319,Lorave Prime,Niroe Reef
2320,Zeruayn,Corinoein
2321,Corveoor,Barkian Crest
2322,Aveu Fold,Coseao Basin
2323,Novarayr,Maeley Crest
2324,Nexeo Domain,Quenui Hollow
2325,Praxeois,Nireaeth Minor
2326,Veyuaa,Joreys
2327,Veyeyr,Yethaio
2328,Juneleoith,Goleo
2329,Juneliara,Pavean Minor
2330,Munenua,Vessu Spire
2331,Anthu Sphere,Dhareiv Reef
2332,Sundeoyr Prime,Graeleaesh
2333,Ossaiaom Expanse,Hessoys Crest
2334,Nexiaith,Tevaiesh
2335,Zeriav,Taruiu Reef
2336,Ithelara,Wrenoi Minor
2337,Lomireyn,Brenouos
2338,Kestria Span,Dessao
2339,Myri,Ostaa Hollow
2340,Ekaraeith Realm,Dharuios Spire
2341,Loravua,Zolaak
2342,Nexeo Expanse,Lunaiom
2343,Cindruath,Cosoe Hollow
2344,Juneloi Sphere,Maeliux
2345,Sunde,Fyreeaos
2346,Anthoir,Dessaoys
2347,Praxaeon Span,Wrenio
2348,Lomiro Sphere,Keshi Minor
2349,Volnoien Expanse,Goloui
2350,Sundue,Tevoe
2351,Beloriara Reach,Ostie
2352,Itheleoe,Fyreouo
2353,Praxua Reach,Dessaoueth
2354,Praxuayn,Cosaiar
2355,Sundeo Expanse,Tare
2356,Thaluo Domain,Zolo Hollow
2357,Faveneoav,Graeloeo
2358,Kestriax Prime,Sovou
2359,Kestruune,Maelea Crest
2360,Volnua Realm,Tare Vale
2361,Ekarey Prime,Taroeor
2362,Kaeleo Domain,Wrenoan
2363,Ekare,Wrenaeth
2364,Loraviae,Graeleaar
2365,Nexoith Sphere,Yethou Crest
2366,Nexet,Xaleom
2367,Cindreoen,Vesseol
2368,Ossaua,Rhaleaa Hollow
2369,Dravoi,Ivuiesh
2370,Novaruay,Joro
2371,Loravayr,Cosoeille
2372,Myroiyn Expanse,Taroei
2373,Praxea,Corino Spire
2374,Halvinoi Span,Lunain
2375,Novaraeyn,Goliom
2376,Cindreo Fold,Xaleaund Major
2377,Zereo Fold,Ulmuol Major
2378,Grosto,Ulmoeys
2379,Nexeune,Ivaiille
2380,Halvinu Sphere,Rhalu Hollow
2381,Ossaeoy,Vessee Vale
2382,Junele Sphere,Brenuor
2383,Kestriom,Quene
2384,Aveuune Domain,Corinoa
2385,Elyeoth,Fyreuesh
2386,Grostira,Fyreoueth Crest
2387,Loravuo Prime,Paveaak
2388,Sundeo Domain,Xaleaor
2389,Veyuel Prime,Ivo
2390,Belore Sphere,Vessaund
2391,Juneleoi,Wrenoeesh
2392,Corvuor,Breneau
2393,Kestruae Domain,Wrenuiys
2394,Draveoa Reach,Lunuux
2395,Halvinael,Keshaiys
2396,Grostuo Sphere,Vesso Basin
2397,Sunduaom,Vessee Major
2398,Sundaera,Wrenei
2399,Dravaa,Graeleaos Hollow
2400,Kestriy,Cosoe
2401,Loravuaa,Vesso Reef
2402,Volnia,Zoloeys Hollow
2403,Myreor,Hessi Minor
2404,Ekaru Domain,Pavouol
2405,Beloreo Domain,Goluos
2406,Kestraeyr,Brenool
2407,Kestrua,Rhaleiv Spire
2408,Dravius Domain,Cosu Minor
2409,Faveneel,Barke
2410,Myria,Lune
2411,Lomiroi,Barki Crest
2412,Juneleo Sphere,Fyreu Reef
2413,Grostaeon,Rhalu Major
2414,Faveneo,Barkiund
2415,Cindroyr,Graelaesh Major
2416,Kestri,Dessaoeak
2417,Nexu Realm,Quenuiys
2418,Sunduel,Brenoeille
2419,Sundaeus Span,Pavui
2420,Lomiroiax,Soviol
2421,Anthi Domain,Maeluiund
2422,Beloreoth,Ivouesh
2423,Loravae Span,Queneund
2424,Ekaroiyr,Barki
2425,Juneliai Sphere,Zolaior
2426,Praxoi Prime,Hesso Vale
2427,Itheluon Domain,Cosiille Crest
2428,Praxiaen Domain,Zoloak
2429,Sunduyn Fold,Osti
2430,Juneleune Sphere,Sovouux
2431,Novarua Fold,Nire Vale
2432,Favenia Fold,Brenoeu Crest
2433,Ossaoi Realm,Goluios
2434,Myrara,Niruios
2435,Beloriao,Sovaa Hollow
2436,Kaeloien,Quenuux
2437,Ekarera,Golou Major
2438,Elyiyn,Corinoeo
2439,Thaliy Expanse,Vessaii
2440,Nexuaax,Corinoue Basin
2441,Loravae,Vessai
2442,Veyeus Expanse,Fyreeux Reef
2443,Ekaria,Coseaeth
2444,Elyio,Brenuia
2445,Volniae,Wrena Reef
2446,Itheliis,Iveaiv Reef
2447,Volnoie Expanse,Maelu Hollow
2448,Sundeous,Dharoueth
2449,Nexit,Gola
2450,Praxua Fold,Pavouom
2451,Favenaeax,Barkou
2452,Thaluath,Nireaan
2453,Ossauais Sphere,Lunaiesh
2454,Elyia Expanse,Hesseaom
2455,Praxoel Domain,Goloan Reef
2456,Elyua,Ferrouiux Spire
2457,Ekaroyr,Goleay Minor
2458,Loravoiyr,Vesse Spire
2459,Beloro,Jora Basin
2460,Itheliaor,Fyreoak Reef
2461,Volniai,Yetha Major
2462,Nexuais,Dharu Spire
2463,Myreoth,Xalaiille
2464,Aveie,Hessaiol Basin
2465,Aveaeom,Ostuin
2466,Isaro Expanse,Brenuios Reef
2467,Myruaax,Ulmuiv
2468,Elyeoor Expanse,Corinuux
2469,Corveoav,Hesseaux
2470,Beloru Expanse,Xaleae
2471,Grostee Sphere,Ulmuux Crest
2472,Lomireo Sphere,Sovuiux
2473,Thaluaune,Dessaiiv
2474,Elyaax,Corinouo
2475,Draviaen,Ostaom
2476,Praxiu,Dharoeille Basin
2477,Orvoia,Yethuux
2478,Thaluara,Zoloeo
2479,Kestraeis,Keshuiak Vale
2480,Kestruel Prime,Barkaior
2481,Grosteav Prime,Wrenouu
2482,Anthiau Domain,Wreneiv Vale
2483,Praxeyn,Ivai Spire
2484,Novariyn,Ivain
2485,Thaleav,Ferroe Reef
2486,Lomireon,Rhalouys
2487,Halvinaeyr Realm,Keshouu
2488,Itheloiyn,Pavo
2489,Loravui Prime,Luno Spire
2490,Halvinua Fold,Maelaiesh Spire
2491,Elyoion,Yethea Major
2492,Elyuaith,Ulmuom
2493,Halvinara,Yethoille
2494,Juneluaor Sphere,Vessio
2495,Praxien,Brenoea
2496,Veyia Span,Keshaille Crest
2497,Cindraera,Vessi
2498,Thaleoel Realm,Goluiv
2499,Volne Domain,Xalear
2500,Ossaeoo,Graeluiol Hollow
2501,Ossauayn,Ulmoos
2502,Halvinuo,Wreneaar
2503,Zerar,Dessaian
2504,Favenuaom,Graelea
2505,Lomirae Span,Iveaux Major
2506,Halvinoia Sphere,Wrenu
2507,Kestrer Reach,Ulmays
2508,Beloroior Expanse,Nirouos
2509,Orviaus,Dhareai Hollow
2510,Veyeo Sphere,Dessaoe
2511,Ossaaeo,Xalai
2512,Faveniath,Tevouol Crest
2513,Isarit,Ferrooiv
2514,Myra,Iveux
2515,Ithelea,Brenoe Spire
2516,Loravur,Fyreuo Reef
2517,Ossaara,Quena Vale
2518,Veyio,Tarui Reef
2519,Kaeluy,Taroe Vale
2520,Myroen,Yethi
2521,Zeraeor,Yethu
2522,Sunduai,Keshio
2523,Loravi,Tareai Crest
2524,Halvineis,Brenou
2525,Dravio Prime,Rhalaesh
2526,Beloruel,Niri Major
2527,Anthoyn,Quenound
2528,Myri Domain,Joruiar
2529,Corveom,Ulma
2530,Loraveo Fold,Ivuiiv
2531,Juneloel,Zoluiu
2532,Orvuais,Goleak Crest
2533,Elyir,Barkeor
2534,Junelu Prime,Ferroae
2535,Thaleoi,Ulmoeo
2536,Orvuat,Dharaiak
2537,Itheluaom,Ferroaak
2538,Draveom Realm,Vessa Vale
2539,Orvoiel,Quenoear
2540,Thaleoen,Barkoeos
2541,Avei,Kesheor
2542,Ekariara Reach,Corineaund
2543,Corvuor Sphere,Xalian
2544,Avea Prime,Ostea Minor
2545,Sundoith,Jorouin
2546,Myroi Sphere,Vessoeesh Hollow
2547,Zereoax,Joraiille
2548,Volneth,Rhaloui
2549,Corvuao,Pavoear
2550,Cindraor Fold,Maelou Minor
2551,Nexeus,Goliar
2552,Cindra Fold,Yetho Minor
2553,Avei Fold,Soveaille
2554,Avee Domain,Dessaaor
2555,Lomiraeth,Quenool
2556,Nexiyr,Xalo Major
2557,Myreoor Span,Jorui
2558,Myruu,Lunaesh
2559,Orveith,Zolaiesh
2560,Halvinui Reach,Barkaian
2561,Praxai,Corinuux Minor
2562,Muneniaom,Dessaoe Basin
2563,Aveuaith,Corinoo
2564,Grostet,Joriiv
2565,Myruaa Reach,Yethoesh
2566,Belorae Expanse,Barku Vale
2567,Myraeith Realm,Sovai
2568,Isare,Joroeesh Crest
2569,Volnua Reach,Tari Crest
2570,Lorave Reach,Sovuys
2571,Isaruaom,Vessuiy
2572,Thaliav,Yethain
2573,Sunda Reach,Lunea Hollow
2574,Dravo,Dessaeaos Major
2575,Lomiraei,Soveos
2576,Isaraav,Zoli Crest
2577,Elyoav,Oste Hollow
2578,Elyoe,Xaloe Minor
2579,Volniay,Quenoeak Hollow
2580,Veyoiu,Wrenaesh
2581,Itheluis,Ulmouol
2582,Thalora,Niroeor Vale
2583,Lomiroiyn,Vessuiux Vale
2584,Praxu Realm,Zolae
2585,Lomiroiav,Luneaar
2586,Beloraera Expanse,Dharaiy
2587,Aveuaax,Iveaund Hollow
2588,Lomiroiom,Nirai
2589,Sundaee Realm,Graeloean
2590,Lomiroyr,Maeloe Major
2591,Myraeune,Yethoe Vale
2592,Volnuis,Keshaiu
2593,Nexeo,Wrenoei Crest
2594,Anthuen Realm,Maeloua
2595,Cindreo,Ivu Spire
2596,Novaruay Span,Ivi Crest
2597,Thaluaav,Cosuiesh
2598,Veyiaax Span,Quenea Crest
2599,Halvini,Vessiak
2600,Cindriara Domain,Tevuesh Major
2601,Sunduayn Expanse,Yethouar
2602,Aveeo Sphere,Ivoeesh
2603,Elyoax,Dessaui Crest
2604,Orvoor,Taru
2605,Nexiaa,Ferroool
2606,Corvuaax,Nirou
2607,Kaeluth,Yethuille
2608,Isarua Span,Tevoille
2609,Aveoel Reach,Paviund
2610,Halvinion Span,Lunou
2611,Juneloi,Zolays
2612,Zeraom,Ostouux
2613,Veyoe,Ferroeiv Crest
2614,Aveia,Barkoin Crest
2615,Novare Reach,Vessouan
2616,Junelith Span,Dessae
2617,Thaliaen,Lunoeol Basin
2618,Corvoia,Fyreiiv Hollow
2619,Nexoi,Golu Reef
2620,Loravaee,Breneaom Major
2621,Veyuaith,Sovui Hollow
2622,Lomirui,Maeluol
2623,Sundaav,Maele Crest
2624,Novaroie Expanse,Ulmui Major
2625,Nexara Reach,Goleaol Basin
2626,Novara,Ulmoi
2627,Ossaaeax,Niriy Reef
2628,Dravi,Pava
2629,Loravuara,Ulmui Reef
2630,Beloruael,Wrenoo
2631,Sunduom,Keshuar Spire
2632,Loravua Span,Graeloom
2633,Kaelae Realm,Dhara Spire
2634,Thaloo,Barkaiu
2635,Kaeloior,Lunaii Reef
2636,Draveel,Tari
2637,Zeri,Zolaiv Minor
2638,Grostoira,Vessays
2639,Lomire Span,Corineom Crest
2640,Nexuus,Graelouak
2641,Loravuyr,Ostuiin
2642,Nexui Fold,Tevoee
2643,Nexuav,Joraar
2644,Isareora,Zolound Hollow
2645,Kaeluith Realm,Zoluio
2646,Anthoiyr,Ferroeeth
2647,Itheloius Prime,Tevouar
2648,Beloria Expanse,Lunuieth Spire
2649,Halvina,Corinoeux
2650,Itheloiom Domain,Quenui Reef
2651,Novaro,Corinoeak
2652,Sundae Prime,Dharue Hollow
2653,Cindroom,Cosuo
2654,Anthiay,Iviux
2655,Dravora,Joreaak
2656,Faveneoo,Brenouar Vale
2657,Munenui,Tevai
2658,Aveiayn,Cosa Reef
2659,Cindrai,Ulmoeos
2660,Sundia Fold,Keshaiys Spire
2661,Faveneoyr,Rhalouan
2662,Thalia Fold,Rhaloi
2663,Nexo Expanse,Tario
2664,Zeraea Reach,Keshiom Basin
2665,Ossao Realm,Sovuian Major
2666,Novareo Span,Wrenoe
2667,Volnous,Goloux
2668,Praxaav,Breneaos
2669,Avei Realm,Maeli Reef
2670,Muneniune,Rhalee
2671,Kestrio Realm,Ivay
2672,Thalo Domain,Rhalaiux
2673,Halvinei,Paveol Hollow
2674,Itheleen,Joreaol
2675,Anthiith,Maeleaesh
2676,Zera Prime,Lunaii Crest
2677,Kaeluor,Zolou Major
2678,Corvaeen Domain,Rhaloo Basin
2679,Thaluis,Hessu Minor
2680,Loravuav Span,Vessi Basin
2681,Lomirua Fold,Ostu Basin
2682,Ekaruus Expanse,Wrenuia
2683,Thaloi Domain,Taroeo
2684,Munenoiis,Rhaliys
2685,Itheluel Sphere,Maelui
2686,Sundi Expanse,Wrenior Reef
2687,Beloraav,Tarain
2688,Anthira,Sovai Major
2689,Lomiruaune,Luni
2690,Kestrae Prime,Corino Basin
2691,Ossaaeis,Rhaloar
2692,Elyuao,Joro Hollow
2693,Lomireav,Luno
2694,Orvaune,Xaluak
2695,Cindraet,Taroe Hollow
2696,Lomirae Realm,Ferroou
2697,Orvuel Reach,Brenoeu
2698,Isaroav,Tarain Basin
2699,Ekaroi,Ivuior
2700,Praxuth Reach,Dessaeaund Spire
2701,Kestruau,Keshoo
2702,Corveel Realm,Vessuo
2703,Thalua,Tarouo
2704,Loraviis,Zoleo
2705,Itheliao Prime,Graeleaa
2706,Favenuao,Brenaar Minor
2707,Grosteyn,Ferroeys
2708,Favenois,Zoluy
2709,Lomiroiom Reach,Wrenoom
2710,Ossaeoav Prime,Zoloan
2711,Novaree,Oste Spire
2712,Myroion,Wrene Crest
2713,Ossauao Domain,Dessauan
2714,Zeroi Expanse,Quenaiin
2715,Cindreous Span,Sovoueth Major
2716,Volniayn,Joroiv
2717,Halvinuat,Joroua Hollow
2718,Anthoiis,Ulmior
2719,Corvet Reach,Wrenoeor
2720,Loravuav,Maeleaesh Hollow
2721,Nexius,Corinei Hollow
2722,Myraeom,Cosoar
2723,Isareo,Ulmoeol
2724,Zeruis Prime,Vessaux
2725,Veyoyn Sphere,Corinoeiv
2726,Juneli,Maelou Vale
2727,Corvara,Brenuiu
2728,Ithelu,Fyreui
2729,Sundiaune,Fyreean
2730,Myro Domain,Keshoille
2731,Novarae Sphere,Xalo Vale
2732,Belorae,Corinuom
2733,Draveth Reach,Hessuille
2734,Ossaeax,Goleaom
2735,Praxui,Niroeys
2736,Myraeel Expanse,Fyreui Basin
2737,Elyiaune Prime,Barko
2738,Beloroen,Cosoeol
2739,Juneliath,Rhalea Crest
2740,Loravaeom,Joraan
2741,Ekaruaen,Goloe Reef
2742,Juneloth Expanse,Taro
2743,Ossaae,Vessouo
2744,Veyaax Reach,Paveille Hollow
2745,Ekariax,Teve
2746,Myreyn,Breneae Reef
2747,Novaroiax Expanse,Dessaua
2748,Praxo Reach,Cosuar
2749,Myreo Fold,Maeloeiv
2750,Halvinia,Ulmaiu
2751,Isaror Realm,Xalaos Minor
2752,Veyeu,Graeliol
2753,Favenaeth,Corinia
2754,Kestreoyr,Maelo
2755,Muneneoyn,Ferroui
2756,Orveom,Wrenaiesh Crest
2757,Ekareoyr,Ivu Reef
2758,Ekareou Domain,Sovoeom
2759,Ossaae Realm,Zolui
2760,Loraviy Prime,Goluux
2761,Elyeo,Ostui
2762,Itheleo Realm,Rhalui Crest
2763,Kestrae Reach,Taraar
2764,Veyiaom Span,Cosai Reef
2765,Novaria,Nira Minor
2766,Cindriaus,Ivaio Hollow
2767,Volnut,Tevui Reef
2768,Anthu,Fyreouys Basin
2769,Grostuom Prime,Niru
2770,Ossaoien Prime,Vessui Crest
2771,Zeroiel,Lunoesh
2772,Kaeliau,Joroeeth
2773,Dravoia Fold,Vessaia Crest
2774,Beloroien Prime,Graeli Minor
2775,Myraeyn Expanse,Barkaiille
2776,Thaliayr Expanse,Fyreou Vale
2777,Isaroiax,Yethai Vale
2778,Corveax,Corine Basin
2779,Halvinaera,Ferroior
2780,Favenaax,Corino Major
2781,Munenae Span,Barkuos
2782,Veyiax Domain,Dessaaar
2783,Draviaax,Maeluieth
2784,Orvia Sphere,Ferroui Basin
2785,Orvoio,Dessaeux
2786,Anthoi Prime,Fyreu Vale
2787,Novaroi Realm,Joraiar
2788,Myriyr,Soveux Minor
2789,Zeru Prime,Yethaiesh Spire
2790,Orvoo,Ulmui Crest
2791,Muneneus,Dhario
2792,Ossaiaus,Taraiiv
2793,Sundiax Sphere,Niria Basin
2794,Ekaroi Realm,Vessoy
2795,Lomiriaith Realm,Yethui
2796,Aveeo Expanse,Hessei
2797,Lomiri,Joraiak
2798,Thaloi Fold,Cosuux Crest
2799,Kestrat,Ivoe Crest
2800,Loravaom,Dharie Crest
2801,Ossaoiu,Golai Spire
2802,Anthe Prime,Queneaan
2803,Lomiruom,Brenui
2804,Loravath,Dharaar Major
2805,Grosta,Queni Hollow
2806,Ekaraom,Sovui Spire
2807,Anthion,Pavuos
2808,Novaruyr Expanse,Brenoei
2809,Lomiroe,Xalouiv Spire
2810,Kaeliav,Graeloos
2811,Nexua,Ulmea
2812,Loraviael,Barkai Minor
2813,Orva Domain,Barkeaan
2814,Volnie,Iveaol
2815,Dravayr,Paveaol
2816,Novaruen,Zolaian
2817,Kestrua Expanse,Vesso Minor
2818,Ossaeoyr,Maelai Basin
2819,Halvinoir Realm,Cosoin
2820,Isaraune,Graelu
2821,Aveuao,Graeluiin
2822,Anthe Sphere,Ostoor
2823,Halvinua Reach,Cose
2824,Orvaeus Reach,Hessuian
2825,Aveiav,Dharaior Reef
2826,Elyai Reach,Taroa
2827,Muneno Reach,Tevuos
2828,Munenaee,Xalouos
2829,Sundai Reach,Wrenoeth
2830,Thalaeom,Jorei
2831,Cindruaor,Ivouol
2832,Elyui,Fyreea
2833,Lomiru,Goli
2834,Novaroom,Yetheol Hollow
2835,Thaloit Reach,Dhareom Hollow
2836,Lomiro Domain,Yetheain
2837,Kaele,Tevuille Vale
2838,Itheliyr,Xaleor
2839,Loraviaune Prime,Graeloys Major
2840,Corvia Expanse,Sovii Vale
2841,Corveora,Joruios
2842,Novarua Sphere,Golou
2843,Kestroi Domain,Teveaos
2844,Cindruao Fold,Niriys
2845,Ossaoi Fold,Dessaou
2846,Dravion,Ulmeak
2847,Draviae,Pavoa
2848,Isaraus,Keshaesh
2849,Junelien,Xalouu
2850,Favenaa,Cosound
2851,Antheo,Fyreai
2852,Antha Prime,Lunueth
2853,Aveua,Joreaund Crest
2854,Nexoior,Fyreoean
2855,Junelia Fold,Vessoe Basin
2856,Corvua Reach,Ulmua
2857,Isareyn Fold,Pavuin
2858,Corvoiax,Ferroaol Reef
2859,Elyiyn Sphere,Keshuol
2860,Dravau,Graele
2861,Praxi,Dessaui Spire
2862,Zeroiy,Ferrooe Reef
2863,Favena Prime,Zolai Reef
2864,Thaloith,Ferroou Basin
2865,Praxia Domain,Goli Major
2866,Kestru Reach,Taru Hollow
2867,Novaroi Prime,Quenua
2868,Volnith,Queneor
2869,Antheoom Sphere,Corinoui Basin
2870,Draveoax,Nirea
2871,Kaeliaor,Graelo
2872,Thaleora,Niruiux
2873,Faveniaith Fold,Keshio Crest
2874,Myroi,Golo Minor
2875,Lomirae Expanse,Dessauom
2876,Dravaeyr,Taraiys Minor
2877,Itheloio Expanse,Joroean Basin
2878,Elyuune,Quenuiol Reef
2879,Praxeoen,Dharoe Spire
2880,Juneloiith,Brenou Minor
2881,Ossaion,Sovoui
2882,Lomiria Span,Hessuor Crest
2883,Thalao,Dessauar
2884,Ekariaith,Vesse Crest
2885,Isareax Domain,Ulmoeux
2886,Anthaei,Xalui
2887,Praxae Prime,Ulmuiille
2888,Orvaeen,Graelouy
2889,Praxaa,Golui Spire
2890,Veyeora,Coseesh
2891,Nexeor,Fyreouin Crest
2892,Praxuus Span,Yetha
2893,Zeruaav,Zolaan
2894,Elyoo,Graeluak
2895,Cindraera Expanse,Barkaiom
2896,Corviaor Reach,Xaluo Major
2897,Veyaeyr Reach,Quenaiv
2898,Zereo,Brene
2899,Halviniaon,Zolu
2900,Nexiel,Taroin
2901,Muneneo Realm,Hessai Major
2902,Corveo Reach,Xalein Hollow
2903,Orvia,Pava Crest
2904,Aveaith,Zoleaos
2905,Thalee Span,Ulmaux
2906,Muneneo Sphere,Dessaai
2907,Ithelaee Expanse,Barkui
2908,Aveaeth,Fyreou
2909,Thaleyr,Tevo
2910,Halvinius,Tareaom
2911,Orviune,Vessaiund
2912,Elyaeis Realm,Dharuia
2913,Muneneo Span,Ferroe Crest
2914,Favenoie,Ferrou Reef
2915,Kaeluaa,Corinoeille
2916,Grostaeax,Ostuux Basin
2917,Junelaa,Corineaos Major
2918,Veyiune,Lunaom
2919,Cindriaus Sphere,Brenoue
2920,Nexuaen,Sovaiv
2921,Thala Reach,Ulmiom Major
2922,Elyeora Span,Dessaoom Reef
2923,Halvineyr,Graelouom Crest
2924,Corvoiax Fold,Corinuiom
2925,Antheo Span,Fyreouu
2926,Praxeoax,Brenea Reef
2927,Novaruis,Wrenou Spire
2928,Ekaro Prime,Joraiux
2929,Loraviune,Quenuak
2930,Kaelaeel,Queneaol
2931,Kaeluaune,Barkaiar Minor
2932,Faveniar,Joraom
2933,Avee Prime,Corini Crest
2934,Halvinae Fold,Ulmoux
2935,Volnoior,Golueth
2936,Dravaeav Expanse,Osteom
2937,Elyoiav,Dessai
2938,Orviaor,Keshie
2939,Grostia,Tevoo
2940,Isaraeune,Rhalaund
2941,Corva,Golea Basin
2942,Loravaav,Barkaeth
2943,Zeriael,Pavi Hollow
2944,Dravaeax Span,Vessoux Vale
2945,Novare,Cosai Major
2946,Sunduen,Niriu Major
2947,Belori Sphere,Ulme Major
2948,Cindruai Realm,Ivaiy
2949,Lomiruor Fold,Wrenaio
2950,Anthuais Prime,Dhare Vale
2951,Dravu Expanse,Ferrouii Basin
2952,Veyi Realm,Pave
2953,Ekarae Sphere,Fyreoeor Crest
2954,Junela Fold,Dessaoui
2955,Favenoii,Zoli
2956,Draviay Realm,Ferrou Minor
2957,Elyaet,Xaloe Reef
2958,Cindraeor,Ferrouiak
2959,Ossaoith Fold,Rhalo
2960,Kestroo,Quenouor Hollow
2961,Dravuaune Domain,Osta Reef
2962,Grostiaa,Nirea Vale
2963,Myraeon,Oste
2964,Myroiis,Corinu
2965,Orvu Fold,Barkaiom Spire
2966,Dravoith,Rhaloeor Major
2967,Nexuayn,Rhale Vale
2968,Ossau Expanse,Dessaoua Minor
2969,Loraveo Reach,Cosouak
2970,Kestruaa Sphere,Barkeesh Vale
2971,Novaroax Reach,Ulmoui Crest
2972,Thalia Prime,Tariu
2973,Kestru Fold,Dessaoee
2974,Kestraeu,Zoleu
2975,Novariis,Goleaak
2976,Novareune Span,Osta
2977,Sundoyn,Taruian
2978,Antheoon Reach,Rhalea
2979,Beloruaen Fold,Zoleaos Vale
2980,Orvaeis,Osteaos Basin
2981,Juneloi Fold,Taroua
2982,Thaleo Domain,Lunui Crest
2983,Aveiaax,Wreniiv
2984,Veyeo Span,Barku
2985,Corvaea,Fyreuiiv
2986,Thaluai Expanse,Tevi Basin
2987,Kestriar,Wreneeth Minor
2988,Sunduay Reach,Zoloe Hollow
2989,Sundeel,Ulmou
2990,Favenoi,Ostouille
2991,Grostuu,Cosuian Spire
2992,Praxera Realm,Maeleos
2993,Kestriaor Prime,Cosoe Minor
2994,Nexua Realm,Coseaa
2995,Ekareis,Brenuille
2996,Praxit,Taraio
2997,Munenoiis Prime,Hessuom Reef
2998,Nexaax,Zoleille
2999,Lomirua Sphere,Dharae Vale
3000,Faveneo Domain,Vesseaeth